<datafile>
  <header>
    <emu_name>Internet Archive Best Of - Wii</emu_name>
    <emu_description>Nintendo Wii</emu_description>
    <emu_category>Best of, Nintendo, 2000s, Console</emu_category>
    <emu_version>05022020</emu_version>
    <emu_date>02/26/2020</emu_date>
    <emu_author>Zach Morris</emu_author>
    <emu_visibility>visible</emu_visibility>
    <emu_homepage>https://redump.org</emu_homepage>
    <emu_baseurl>https://archive.org/download/</emu_baseurl>
    <emu_launcher>external</emu_launcher>
    <emu_default_addon>none</emu_default_addon>
    <emu_ext_launch_cmd>none</emu_ext_launch_cmd>
    <emu_downloadpath>default</emu_downloadpath>
    <emu_postdlaction>none</emu_postdlaction>
    <emu_comment>The Wii's codename was the 'Revolution', which Nintendo probably should have stuck with, but despite the name change you can't deny that a revolution is what the Wii was. With its cheap price, accessible controls, and a veritable cornucopia of games, it helped bring gaming to the mainstream.[CR]Like many revolutions, we can only appreciate the Wii fully in hindsight. In the Wii's heyday, we could've overlooked any number of its wonderful games. But today, we can look back at the system's complete library and highlight 50 of its absolute best. Join us and enjoy our countdown of the 50 best Wii games of all time.</emu_comment>
    <emu_thumb>GCDoDUb.jpg</emu_thumb>
    <emu_banner>BF15yKc.png</emu_banner>
    <emu_fanart>M91aycD.jpg</emu_fanart>
    <emu_logo>HCGv3r5.png</emu_logo>
    <emu_trailer>xc_EeTtOtwM</emu_trailer>
  </header>
  <game name="Super Mario Galaxy (USA) (En,Fr,Es)">
    <description>1. Super Mario Galaxy</description>
    <rom name="WiiRedumpNKitPart7/Super%20Mario%20Galaxy%20%28USA%29%20%28En%2CFr%2CEs%29/Super%20Mario%20Galaxy%20%28USA%29%20%28En%2CFr%2CEs%29.nkit.gcz" size="3467804855"/>
    <rating>4.67</rating>
    <ESRB>E - Everyone</ESRB>
    <studio>Nintendo</studio>
    <releasedate>12/11/2007</releasedate>
    <year>2007</year>
    <plot>Mario returns and takes his next adventure into space. Follow him as he travels from planet to planet bending the rules of gravity. Players experience perspective shifts as they run upside down through alien worlds. Meet challenges like surfing on a ray in an ocean in the clouds, rolling a ball through a treacherous garden, or floating in a bubble over a poisonous swamp. Control Mario with the Wii Remote and use the Nunchuk to perform his special moves. A special co-op function allows a second player to collect star bits for Mario or take care of enemies in his way. This title also includes opportunities to change Mario into a Boo or a bee.</plot>
    <genre>Platform</genre>
    <groups>Super Mario Galaxy series,Super Mario series,Gameplay feature: New Game+,Nintendo Selects releases,Super Mario Galaxy series,Super Mario series,Gameplay feature: New Game+,Nintendo Selects releases,1G1R,1G1R USA,1G1R English</groups>
    <nplayers>1-2 Co-Op</nplayers>
    <boxart1>rFqsF1Q.jpg</boxart1>
    <boxart2>qV1duYD.png</boxart2>
    <boxart3>k6gsnza.png</boxart3>
    <boxart4>xsRDQev.jpg</boxart4>
    <boxart5>a3Ka6mF.jpg</boxart5>
    <boxart6>MEhFLVc.jpg</boxart6>
    <boxart7>YpxEgjJ.jpg</boxart7>
    <boxart8>G73BnDI.jpg</boxart8>
    <snapshot1>GqZsm4B.png</snapshot1>
    <snapshot2>7AVX6bs.png</snapshot2>
    <snapshot3>jSZZNd5.png</snapshot3>
    <snapshot4>o08h0Uc.png</snapshot4>
    <banner1>Wyjk4rK.jpg</banner1>
    <fanart1>cQZUrIg.jpg</fanart1>
    <fanart2>Ikfdycf.jpg</fanart2>
    <clearlogo1>emR0vdO.png</clearlogo1>
    <videoid>Ia2MnuvtizU</videoid>
  </game>
  <game name="Super Mario Galaxy 2 (USA) (En,Fr,Es)">
    <description>2. Super Mario Galaxy 2</description>
    <rom name="WiiRedumpNKitPart7/Super%20Mario%20Galaxy%202%20%28USA%29%20%28En%2CFr%2CEs%29/Super%20Mario%20Galaxy%202%20%28USA%29%20%28En%2CFr%2CEs%29.nkit.gcz" size="1441281424"/>
    <rating>4.85</rating>
    <ESRB>E - Everyone</ESRB>
    <studio>Nintendo</studio>
    <releasedate>23/05/2010</releasedate>
    <year>2010</year>
    <plot>The story follows Mario as he pursues the Koopa King, Bowser, into outer space, where he has imprisoned Princess Peach and taken control of the universe using Power Stars and Grand Stars. Mario must travel across various galaxies to recover the Power Stars in order to travel to the center of the universe and rescue Princess Peach.</plot>
    <genre>Platform</genre>
    <groups>Super Mario Galaxy series,Super Mario series,Gameplay feature: New Game+,Nintendo Selects releases,Super Mario Galaxy series,Super Mario series,Gameplay feature: New Game+,Nintendo Selects releases,1G1R,1G1R USA,1G1R English</groups>
    <nplayers>2</nplayers>
    <boxart1>tP7WuCg.jpg</boxart1>
    <boxart2>s4TJXaO.jpg</boxart2>
    <boxart3>Mamx7Di.jpg</boxart3>
    <boxart4>fs75Cwt.jpg</boxart4>
    <boxart5>a3Ka6mF.jpg</boxart5>
    <boxart6>MEhFLVc.jpg</boxart6>
    <boxart7>YpxEgjJ.jpg</boxart7>
    <boxart8>G73BnDI.jpg</boxart8>
    <snapshot1>MO4znYi.jpg</snapshot1>
    <snapshot2>9Tz15NH.jpg</snapshot2>
    <snapshot3>jSZZNd5.png</snapshot3>
    <snapshot4>o08h0Uc.png</snapshot4>
    <banner1>Wyjk4rK.jpg</banner1>
    <fanart1>DB1euT6.jpg</fanart1>
    <fanart2>c65oj3v.jpg</fanart2>
    <clearlogo1>9tcH8iU.jpg</clearlogo1>
    <videoid>Ia2MnuvtizU</videoid>
  </game>
  <game name="Legend of Zelda, The - Twilight Princess (USA)">
    <description>3. The Legend of Zelda: Twilight Princess</description>
    <rom name="WiiRedumpNKitPart4/Legend%20of%20Zelda%2C%20The%20-%20Twilight%20Princess%20%28USA%29/Legend%20of%20Zelda%2C%20The%20-%20Twilight%20Princess%20%28USA%29.nkit.gcz" size="1006667683"/>
    <rating>4.65</rating>
    <ESRB>T - Teen</ESRB>
    <studio>Nintendo</studio>
    <releasedate>19/11/2006</releasedate>
    <year>2006</year>
    <plot>In the next chapter in the Legend of Zelda series, Link can transform into a wolf to scour the darkened land of Hyrule. With the help of Midna, a mysterious being, you must guide Link through hordes of foul creatures and challenging bosses using new moves and a new horseback combat system. Many puzzles stand between Link and the fulfillment of his quest, so you must sharpen your wits as you hunt for weapons and items.</plot>
    <genre>Adventure</genre>
    <groups>Legend of Zelda series,Theme: Werewolves,Gameplay feature: Fishing,Gameplay feature: Auto-mapping,Protagonist: Elf,Gameplay feature: Day / Night cycle,Gameplay feature: Horse riding,Nintendo Selects releases,Gameplay feature: Herding,1G1R,1G1R USA</groups>
    <nplayers>1</nplayers>
    <boxart1>Yjc2XTj.jpg</boxart1>
    <boxart2>WL1oR0i.jpg</boxart2>
    <boxart3>Knymtey.jpg</boxart3>
    <boxart4>xG1cC2K.png</boxart4>
    <boxart5>4xu6gy4.jpg</boxart5>
    <boxart6>DwIwVlm.jpg</boxart6>
    <snapshot1>XZQtL3I.jpg</snapshot1>
    <snapshot2>UBD7YzX.png</snapshot2>
    <snapshot3>SPsXD7C.png</snapshot3>
    <snapshot4>nvnILNF.png</snapshot4>
    <banner1>MUFbzBa.jpg</banner1>
    <fanart1>QQMkfRO.jpg</fanart1>
    <fanart2>l79Ur2K.jpg</fanart2>
    <clearlogo1>KkvXVom.jpg</clearlogo1>
    <videoid>ceCktUEG4jA</videoid>
  </game>
  <game name="Super Smash Bros. Brawl (USA) (Rev 1)">
    <description>4. Super Smash Bros. Brawl</description>
    <rom name="WiiRedumpNKitPart7/Super%20Smash%20Bros.%20Brawl%20%28USA%29%20%28Rev%201%29/Super%20Smash%20Bros.%20Brawl%20%28USA%29%20%28Rev%201%29.nkit.gcz" size="6288603001"/>
    <rating>4.55</rating>
    <ESRB>T - Teen</ESRB>
    <studio>Nintendo</studio>
    <releasedate>09/03/2008</releasedate>
    <year>2008</year>
    <plot>All your favorite characters are back and ready to brawl in Super Smash Bros. Brawl for the Wii(tm). The fourth installment in this award-winning series features old and new characters battling for supremacy on more than 12 different stages.</plot>
    <genre>Fighter</genre>
    <groups>Super Smash Brothers series,Franchise crossovers,Gameplay feature: Recordable replays,Game feature: Free camera photo mode,Game feature: BGM / music player,Game feature: FMV / cutscene player,Game feature: Original theme song,Gameplay feature: In-game achievements,Nintendo Selects releases,Super Smash Brothers series,Franchise crossovers,Gameplay feature: Recordable replays,Game feature: Free camera photo mode,Game feature: BGM / music player,Game feature: FMV / cutscene player,Game feature: Original theme song,Gameplay feature: In-game achievements,Nintendo Selects releases</groups>
    <nplayers>1-4 Co-Op</nplayers>
    <boxart1>WIBil1B.jpg</boxart1>
    <boxart2>EttO3gN.jpg</boxart2>
    <boxart3>Kf6UNfY.jpg</boxart3>
    <boxart4>dWj7diw.jpg</boxart4>
    <boxart5>tLN9nPu.jpg</boxart5>
    <boxart6>Z7tKccy.png</boxart6>
    <boxart7>rDuPuIc.png</boxart7>
    <boxart8>Sk8E043.jpg</boxart8>
    <snapshot1>Be73ayG.jpg</snapshot1>
    <snapshot2>ckQpXlD.jpg</snapshot2>
    <snapshot3>Iy1OxXs.jpg</snapshot3>
    <snapshot4>WMvpA4m.jpg</snapshot4>
    <banner1>xhptB5U.png</banner1>
    <fanart1>djxETRE.jpg</fanart1>
    <fanart2>k2JV4c7.jpg</fanart2>
    <clearlogo1>cu2wv6O.png</clearlogo1>
    <videoid>9DoGVa8_q5c</videoid>
  </game>
  <game name="Legend of Zelda, The - Skyward Sword (USA) (En,Fr,Es)">
    <description>5. The Legend of Zelda: Skyward Sword</description>
    <rom name="WiiRedumpNKitPart4/Legend%20of%20Zelda%2C%20The%20-%20Skyward%20Sword%20%28USA%29%20%28En%2CFr%2CEs%29/Legend%20of%20Zelda%2C%20The%20-%20Skyward%20Sword%20%28USA%29%20%28En%2CFr%2CEs%29.nkit.gcz" size="4047486554"/>
    <rating>4.27</rating>
    <ESRB>E10+ - Everyone 10+</ESRB>
    <studio>Nintendo</studio>
    <releasedate>20/11/2011</releasedate>
    <year>2011</year>
    <plot>One of the most storied franchises in history soars to new heights. The Legend of Zelda(tm): Skyward Sword shakes up the tried-and-true adventure game formula and marks a turning point for the franchise. The introduction of full motion controls to the series enabled by Wii MotionPlus(tm) technology enhances player movements while offering the most intuitive play control of any game in the series to date.[CR]The Legend of Zelda: Skyward Sword boasts the most realistic sword combat of any game to date, turning every encounter into a challenge of both brains and brawn. Wii MotionPlus technology accurately translates the angle of every sword slice, effectively putting Link's blade in the player's hand. Analyzing enemy attack and defense tendencies and counteracting with precise swings of the sword provide a satisfying experience that blends puzzle-solving with a new and distinctly unique combat system. [CR]Explore a massive, multilayered world that seamlessly blends soaring exploration in a sea of clouds with intense ground-based adventuring that blurs the line between the main world and traditional Zelda dungeons. Link(tm) soars through the skies on the back of a noble bird and dives beneath the clouds to the continent below in an epic quest that lays the foundation for the events in the critically acclaimed The Legend of Zelda: Ocarina of Time.</plot>
    <genre>Adventure</genre>
    <groups>Legend of Zelda series,1G1R,1G1R USA,1G1R English</groups>
    <nplayers>1</nplayers>
    <boxart1>YszgmoH.png</boxart1>
    <boxart2>mGoTWF3.jpg</boxart2>
    <boxart3>VOzld2x.jpg</boxart3>
    <boxart4>NJtxCSK.jpg</boxart4>
    <boxart5>acDHa68.jpg</boxart5>
    <boxart6>e6rsWKa.jpg</boxart6>
    <boxart7>z2wkJYN.jpg</boxart7>
    <boxart8>GtdAUvo.jpg</boxart8>
    <snapshot1>YSvVEnk.jpg</snapshot1>
    <snapshot2>MYhHI7x.jpg</snapshot2>
    <snapshot3>YUEpgXD.png</snapshot3>
    <snapshot4>I9j2Nqk.jpg</snapshot4>
    <banner1>66nQZSS.png</banner1>
    <fanart1>mpbjUKy.jpg</fanart1>
    <fanart2>bbz2nef.jpg</fanart2>
    <clearlogo1>KMB140u.png</clearlogo1>
    <videoid>8Zm1tLH1Oks</videoid>
  </game>
  <game name="Mario Kart Wii (USA) (En,Fr,Es)">
    <description>6. Mario Kart Wii</description>
    <rom name="WiiRedumpNKitPart4/Mario%20Kart%20Wii%20%28USA%29%20%28En%2CFr%2CEs%29/Mario%20Kart%20Wii%20%28USA%29%20%28En%2CFr%2CEs%29.nkit.gcz" size="2811940882"/>
    <rating>4.65</rating>
    <ESRB>E - Everyone</ESRB>
    <studio>Nintendo</studio>
    <releasedate>27/04/2008</releasedate>
    <year>2008</year>
    <plot>Drivers, start your engines! The worldwide race is on with a whole new set of tricks, tracks, and ways to play! Place first in Grand Prix circuits or clear skill-based missions. Cruise brand-new tracks and arenas, or enjoy a blast from the past going fender-to-fender on one of the classics. Tired of riding on four wheels? Bust out one of the all-new motorbikes for special tricks and techniques. Drawing on circuits and battle arenas from every game in the series - not to mention tons of brand-new ones - the true king of the Mushroom Kingdom racing circuits will finally be crowned! Time to get turnin' and burnin'!</plot>
    <genre>Racing</genre>
    <groups>Mario Kart series,Genre: Kart racing,Nintendo Selects releases,Mario Kart series,Genre: Kart racing,Nintendo Selects releases,1G1R,1G1R USA,1G1R English</groups>
    <nplayers>1-4</nplayers>
    <boxart1>cLTfCaD.png</boxart1>
    <boxart2>rnBH0Hh.png</boxart2>
    <boxart3>5PS1eAC.jpg</boxart3>
    <boxart4>cFiBenL.jpg</boxart4>
    <boxart5>odJIi5v.jpg</boxart5>
    <boxart6>nfvYmne.png</boxart6>
    <snapshot1>https://raw.githubusercontent.com/libretro-thumbnails/Nintendo_-_Wii/master/Named_Titles/Mario%20Kart%20Wii%20(Europe).png</snapshot1>
    <snapshot2>https://raw.githubusercontent.com/libretro-thumbnails/Nintendo_-_Wii/master/Named_Snaps/Mario%20Kart%20Wii%20(Europe).png</snapshot2>
    <snapshot3>wDU49lH.png</snapshot3>
    <snapshot4>f0jXw7l.png</snapshot4>
    <banner1>RIh4Lzx.jpg</banner1>
    <fanart1>mxQqilq.jpg</fanart1>
    <fanart2>fCDj04s.jpg</fanart2>
    <clearlogo1>YAYKb80.png</clearlogo1>
    <videoid>nWybPOrwzdY</videoid>
  </game>
  <game name="Xenoblade Chronicles (USA) (En,Fr,Es)">
    <description>7. Xenoblade Chronicles</description>
    <rom name="WiiRedumpNKitPart8/Xenoblade%20Chronicles%20%28USA%29%20%28En%2CFr%2CEs%29/Xenoblade%20Chronicles%20%28USA%29%20%28En%2CFr%2CEs%29.nkit.gcz" size="5232245075"/>
    <rating>4.45</rating>
    <ESRB>T - Teen</ESRB>
    <studio>Nintendo</studio>
    <releasedate>10/06/2010</releasedate>
    <year>2010</year>
    <plot>Life in the world evolved on the bodies of two giant motionless world-gods named Bionis and Mechonis. In this world, Shulk, a young man with mysterious origins, comes across a magical sword named Monado, that allows him to see glimpses of the future. Shulk finds himself caught in the struggle between the humans from Bionis and the machines from Mechonis. Along his quest to defeat the machines he will have to help the inhabitants of Bionis rebuild their world.[CR]Xenoblade Chronicles is a Japanese-style role-playing game with several distinguishing characteristics. Exploring the vast world takes a significant part in the gameplay. Weather and day/night cycle influence the availability of quests and characters. In such an open world it is not uncommon to encounter creatures much stronger than what Shulk and his allies can manage. When the player dies he is teleported to the last save point with no penalty. Objectives can be completed in any order and many side quests are available. [CR]The fighting system resembles the one from Final Fantasy XII. There is no "battle screen"; battles happen directly in the open field without transition. During the battle attacks are launched automatically at regular intervals. The player selects his actions via a menu. Aside from Shulk, the player can control a team of characters with various abilities. Team attacks are available to inflict extra damage. However, once the player enters a battle, characters cannot be switched, and all other allies are AI-controlled.</plot>
    <genre>RPG</genre>
    <groups>Gameplay feature: Mining,Gameplay feature: Character development - Skill distribution,Gameplay feature: Day / Night cycle,Xenoblade series,Game feature: BGM / music player,Gameplay feature: New Game+,Gameplay feature: In-game achievements,Gameplay feature: Mining,Gameplay feature: Character development - Skill distribution,Gameplay feature: Day / Night cycle,Xenoblade series,Game feature: BGM / music player,Gameplay feature: New Game+,Gameplay feature: In-game achievements,1G1R,1G1R USA,1G1R English</groups>
    <nplayers>1</nplayers>
    <boxart1>Zimamd1.jpg</boxart1>
    <boxart2>iXMvdN5.jpg</boxart2>
    <boxart3>R80a6Vn.png</boxart3>
    <boxart4>JTFfUaM.jpg</boxart4>
    <boxart5>7chsTub.jpg</boxart5>
    <boxart6>AEMIloZ.jpg</boxart6>
    <boxart7>DoJNuPA.jpg</boxart7>
    <snapshot1>4sZ4Ifm.jpg</snapshot1>
    <snapshot2>Wbwn7Ub.jpg</snapshot2>
    <snapshot3>ijxRYxS.jpg</snapshot3>
    <snapshot4>KhzN7uR.jpg</snapshot4>
    <snapshot5>RXXObkZ.jpg</snapshot5>
    <fanart1>GWL4kHg.jpg</fanart1>
    <fanart2>AklRdL2.jpg</fanart2>
    <clearlogo1>elYWBDU.png</clearlogo1>
    <videoid>0Q_KFemPumA</videoid>
  </game>
  <game name="Boy and His Blob, A (USA)">
    <description>8. A Boy and His Blob</description>
    <rom name="WiiRedumpNKitPart1/Boy%20and%20His%20Blob%2C%20A%20%28USA%29/Boy%20and%20His%20Blob%2C%20A%20%28USA%29.nkit.gcz" size="1039997380"/>
    <rating>3.9</rating>
    <ESRB>ESRB - E (Everyone)</ESRB>
    <studio>Majesco Sales Inc</studio>
    <releasedate>13/10/2009</releasedate>
    <year>2009</year>
    <plot>The "blob" is capable of a number of transformations in order to traverse the game's puzzles, such as a parachute to avoid damage from falls.A Boy and His Blob is a 2D puzzle platformer. The main characters progress through a variety of levels with various obstacles to get to the end of the level and move on to the next. The protagonist feeds the blob jelly beans in order to transform it into one of fifteen different objects that can be used to solve puzzles and defeat enemies. Unlike the NES game in which only the jellybean flavor was displayed, the Wii version uses a more intuitive menu that shows each transformation.</plot>
    <genre>Platform</genre>
    <groups>1G1R</groups>
    <nplayers>1</nplayers>
    <boxart1>rkqXJuK.png</boxart1>
    <boxart2>jYOrumY.jpg</boxart2>
    <boxart3>IcuFYAG.jpg</boxart3>
    <boxart4>mAbDDCV.png</boxart4>
    <boxart5>frtcox5.png</boxart5>
    <boxart6>UO6NFte.jpg</boxart6>
    <snapshot1>hpmdrhJ.jpg</snapshot1>
    <snapshot2>vHUc8y2.jpg</snapshot2>
    <snapshot3>zzE2jey.jpg</snapshot3>
    <snapshot4>o9rV5nw.jpg</snapshot4>
    <snapshot5>deFxoND.jpg</snapshot5>
    <banner1>EYc9LAV.jpg</banner1>
    <fanart1>oIgdBAi.jpg</fanart1>
    <fanart2>qu0JD9n.jpg</fanart2>
    <clearlogo1>046E89y.png</clearlogo1>
    <videoid>yYNYlu2bLl4</videoid>
  </game>
  <game name="Kirby's Epic Yarn (USA) (En,Fr,Es)">
    <description>9. Kirby's Epic Yarn</description>
    <rom name="WiiRedumpNKitPart4/Kirby%27s%20Epic%20Yarn%20%28USA%29%20%28En%2CFr%2CEs%29/Kirby%27s%20Epic%20Yarn%20%28USA%29%20%28En%2CFr%2CEs%29.nkit.gcz" size="1627589849"/>
    <rating>4.31</rating>
    <ESRB>E - Everyone</ESRB>
    <studio>Nintendo</studio>
    <releasedate>14/10/2010</releasedate>
    <year>2010</year>
    <plot>While walking through Dream Land, Kirby discovers a tomato and decides to eat it. Yin-Yarn, the evil sorceror who possessed the tomato (revealed to be a Metamato), appears and magically banishes Kirby into Patch Land, a world completely made of fabric, via the sock carried around his neck. In Patch Land, Kirby's body transforms into yarn, rendering his power to inhale useless. Instead, Kirby is granted the ability to transform by the magic of the Metamato, which he uses to rescue a boy being attacked by a monster. The boy, named Prince Fluff, explains that Yin-Yarn has separated Patch Land into pieces, which was tied together by magic yarn. Kirby decides to help Prince Fluff collect all seven pieces of the yarn and restore Patch Land.[CR]Meanwhile, Yin-Yarn captures King Dedede and Meta Knight and places them under his control. Kirby is forced to fight Dedede and Meta Knight after they ambush him in Patch Land. When Kirby and Prince Fluff finally collect all the Magic Yarn, Meta Knight, no longer under the sorceror's influence, informs Kirby that Yin-Yarn is turning Dream Land into fabric. Prince Fluff produces the second sock, its magic fully restored, and uses it to transport Kirby and himself to Dream Land; now completely made of yarn. Kirby confronts and defeats Yin-Yarn, breaking the spell and returning Dream Land and himself back to normal. Prince Fluff parts with Kirby, stating that he can visit Patch Land anytime via Yin-Yarn's magic sock.</plot>
    <genre>Platform</genre>
    <groups>Kirby games,Game feature: BGM / music player,Nintendo Selects releases,Gameplay feature: Interior decorating,Kirby games,Game feature: BGM / music player,Nintendo Selects releases,Gameplay feature: Interior decorating,1G1R,1G1R USA,1G1R English</groups>
    <nplayers>1-2 Co-Op</nplayers>
    <boxart1>v7Cf9pS.png</boxart1>
    <boxart2>k0jlMSZ.jpg</boxart2>
    <boxart3>Z1toa2A.png</boxart3>
    <boxart4>OTVWBRx.png</boxart4>
    <boxart5>BzkTwEc.jpg</boxart5>
    <boxart6>qlPzIgJ.png</boxart6>
    <boxart7>QFU8unJ.jpg</boxart7>
    <snapshot1>https://raw.githubusercontent.com/libretro-thumbnails/Nintendo_-_Wii/master/Named_Titles/Kirby's%20Epic%20Yarn%20(USA).png</snapshot1>
    <snapshot2>https://raw.githubusercontent.com/libretro-thumbnails/Nintendo_-_Wii/master/Named_Snaps/Kirby's%20Epic%20Yarn%20(USA).png</snapshot2>
    <snapshot3>W7NMTjG.png</snapshot3>
    <snapshot4>gili4JW.png</snapshot4>
    <banner1>YQvbfw6.jpg</banner1>
    <fanart1>RZT79Kv.jpg</fanart1>
    <fanart2>MtjdUb5.jpg</fanart2>
    <clearlogo1>3StLH4Y.jpg</clearlogo1>
    <clearlogo2>AFPqNPd.jpg</clearlogo2>
    <videoid>Fbtz8HFwUMI</videoid>
  </game>
  <game name="Rayman Origins (USA) (En,Fr,Es)">
    <description>10. Rayman Origins</description>
    <rom name="WiiRedumpNKitPart6/Rayman%20Origins%20%28USA%29%20%28En%2CFr%2CEs%29/Rayman%20Origins%20%28USA%29%20%28En%2CFr%2CEs%29.nkit.gcz" size="3439149194"/>
    <rating>4.21</rating>
    <ESRB>E10+ - Everyone 10+</ESRB>
    <studio>Ubisoft</studio>
    <releasedate>15/11/2011</releasedate>
    <year>2011</year>
    <plot>Rayman Origins is a comic adventure set in a lush 2D world brimming with unexpected secrets and outlandish enemies. The Glade of Dreams is overrun by the "nefurrious" Darktoons. The Fairy Council seeks Rayman's help to save the day. Rayman receives the aid of his best friend Globox as well as two crafty wizards, the Teensies. Together the world's most hilarious team of heroes sets out to restore peace to the Glade before their beloved home is destroyed. Rayman Origins supports four-player jump-in-and-jump-out co-op gameplay. The game offers a massive universe to explore, with more than 100 characters, 12 unique worlds, and more than 60 levels of platforming gameplay designed for all ages and play styles. Unlock new abilities and moves as you progress through the game. All members of your team will discover new unique abilities, including swimming, diving, slapping, and the sensational "HarilyCopter.</plot>
    <genre>Action</genre>
    <groups>Rayman series,Framework: UbiArt,Japanese PlayStation 3 game releases with full English support,Rayman series,Framework: UbiArt,Japanese PlayStation 3 game releases with full English support,1G1R,1G1R USA,1G1R English</groups>
    <nplayers>1-4</nplayers>
    <boxart1>Zn3SCvm.png</boxart1>
    <boxart2>ovAC7V5.jpg</boxart2>
    <boxart3>OYkqxYN.png</boxart3>
    <boxart4>opG8En3.png</boxart4>
    <snapshot1>MgkTHRN.jpg</snapshot1>
    <snapshot2>eKdePrl.jpg</snapshot2>
    <snapshot3>nei5jW4.jpg</snapshot3>
    <snapshot4>ttR71i6.jpg</snapshot4>
    <fanart1>6ZL6Y25.jpg</fanart1>
    <fanart2>XyeijNA.jpg</fanart2>
    <clearlogo1>INr4Fnq.png</clearlogo1>
    <videoid>MvhwWXF-LfU</videoid>
  </game>
  <game name="No More Heroes 2 - Desperate Struggle (USA) (En,Fr,Es)">
    <description>11. No More Heroes 2: Desperate Struggle</description>
    <rom name="WiiRedumpNKitPart5/No%20More%20Heroes%202%20-%20Desperate%20Struggle%20%28USA%29%20%28En%2CFr%2CEs%29/No%20More%20Heroes%202%20-%20Desperate%20Struggle%20%28USA%29%20%28En%2CFr%2CEs%29.nkit.gcz" size="3018507851"/>
    <rating>3.98</rating>
    <ESRB>M - Mature</ESRB>
    <studio>Ubisoft</studio>
    <releasedate>06/01/2010</releasedate>
    <year>2010</year>
    <plot>Three years have passed since Travis Touchdown became the top assassin in the United Assassins Association (UAA) and walked away (what happened to him throughout said years is never explained). Now, he returns to Santa Destroy and fights Skelter Helter, who seeks revenge on Travis for killing his older brother Helter Skelter prior to the first game. After winning the battle, he meets Sylvia Christel again, who informs him he is now ranked 51st. The nearly-dead Skelter Helter interrupts them and warns Travis that he and his co-conspirators will still have their revenge.</plot>
    <genre>Action</genre>
    <groups>No More Heroes series,Gameplay feature: New Game+,1G1R,1G1R USA,1G1R English</groups>
    <nplayers>1</nplayers>
    <boxart1>DVWcKXH.png</boxart1>
    <boxart2>MYDKtAo.jpg</boxart2>
    <boxart3>TGxqHvD.jpg</boxart3>
    <boxart4>c4EZ7C2.jpg</boxart4>
    <boxart5>j0vjCxK.png</boxart5>
    <boxart6>PwdQYEn.png</boxart6>
    <boxart7>uVtUBFx.png</boxart7>
    <boxart8>94J2mA9.jpg</boxart8>
    <snapshot1>YJOCO4N.jpg</snapshot1>
    <banner1>2CHWomn.jpg</banner1>
    <fanart1>Kldewex.jpg</fanart1>
    <fanart2>nMZV1VO.jpg</fanart2>
    <clearlogo1>JPiUPCz.png</clearlogo1>
    <videoid>u997vRUcJ8s</videoid>
  </game>
  <game name="Tatsunoko vs. Capcom - Ultimate All-Stars (USA)">
    <description>12. Tatsunoko vs. Capcom: Ultimate All-Stars</description>
    <rom name="WiiRedumpNKitPart7/Tatsunoko%20vs.%20Capcom%20-%20Ultimate%20All-Stars%20%28USA%29/Tatsunoko%20vs.%20Capcom%20-%20Ultimate%20All-Stars%20%28USA%29.nkit.gcz" size="1553320676"/>
    <rating>4.24</rating>
    <ESRB>T - Teen</ESRB>
    <studio>Capcom</studio>
    <releasedate>26/01/2010</releasedate>
    <year>2010</year>
    <plot>TATSUNOKO VS. CAPCOM: ULTIMATE ALL-STARS pairs well-known characters from Capcom's roster of games with some of Japan's most beloved characters from anime powerhouse Tatsunoko Production. All together, there are more than 20 colorful combatants to choose from in order to form the ultimate tag team combination. Gameplay will instantly set fighting game fans' fingers twitching, combining elements from Capcom games like Street Fighter and previous entries in the VS series, TATSUNOKO VS. CAPCOM ULTIMATE ALL-STARS is a fun fighting game designed for all levels of players. Players choose from the combined roster of fighters to create their favorite two man/woman/cyborg/robot tag team, rotating on the fly between the two players throughout the course of each match. Those new to the genre will appreciate the game's bright visual style and simplified four-button fighting controls. Hardcore Capcom fighting fans will dig in to the game's depth, uncovering huge Aerial Rave combos and unique Variable Assists, gorgeous Hyper Combos, and Variable Combinations that combine the capabilities of two members of the player's tag-team to unleash huge damage.</plot>
    <genre>Fighter</genre>
    <groups>Franchise crossovers,Tatsunoko vs. Capcom series,1G1R,1G1R USA</groups>
    <nplayers>2</nplayers>
    <boxart1>xURKmLF.jpg</boxart1>
    <boxart2>fnXOyTR.jpg</boxart2>
    <boxart3>B9jqokQ.jpg</boxart3>
    <boxart4>k24WTkp.jpg</boxart4>
    <boxart5>qMGAXCb.png</boxart5>
    <boxart6>33dSjhJ.png</boxart6>
    <boxart7>zVMPtBk.jpg</boxart7>
    <snapshot1>I3WuD9H.jpg</snapshot1>
    <banner1>uOkQ6yk.jpg</banner1>
    <fanart1>7Iup52G.jpg</fanart1>
    <fanart2>y0asD8W.jpg</fanart2>
    <clearlogo1>JWnaG0j.png</clearlogo1>
    <videoid>hfVk5V9K4Lw</videoid>
  </game>
  <game name="Metroid Prime Trilogy (USA)">
    <description>13. Metroid Prime Trilogy</description>
    <rom name="WiiRedumpNKitPart4/Metroid%20Prime%20Trilogy%20%28USA%29/Metroid%20Prime%20Trilogy%20%28USA%29.nkit.gcz" size="7315599814"/>
    <rating>4.50</rating>
    <ESRB>T - Teen</ESRB>
    <studio>Nintendo</studio>
    <releasedate>24/08/2009</releasedate>
    <year>2009</year>
    <plot>The compilation features three games from the Metroid series: Metroid Prime, Metroid Prime 2: Echoes, and Metroid Prime 3: Corruption. [CR]Prime and Echoes, which were originally released for the Nintendo GameCube, were updated with many of the features that were first implemented in Corruption, such as a new control scheme based on the Wii Remote and an achievement system.</plot>
    <genre>Adventure</genre>
    <groups>Metroid series,Metroid Prime series,Metroid series,Metroid Prime series,1G1R,1G1R USA</groups>
    <nplayers>1</nplayers>
    <boxart1>d46fCgl.png</boxart1>
    <boxart2>0hp99na.png</boxart2>
    <boxart3>VmY9yNy.png</boxart3>
    <boxart4>yZjaCtl.jpg</boxart4>
    <boxart5>vawC4V7.jpg</boxart5>
    <boxart6>I67BtFC.jpg</boxart6>
    <boxart7>BsLAAKV.png</boxart7>
    <boxart8>TjCeBKp.jpg</boxart8>
    <snapshot1>nawHpsl.png</snapshot1>
    <snapshot2>mUYNkks.png</snapshot2>
    <snapshot3>lhFkltZ.png</snapshot3>
    <snapshot4>NgZyjKW.png</snapshot4>
    <banner1>L16Eat0.jpg</banner1>
    <fanart1>9gkDQmy.jpg</fanart1>
    <fanart2>1LLfyJh.jpg</fanart2>
    <clearlogo1>1Q95auO.png</clearlogo1>
    <videoid>JlL0BDxqLsI</videoid>
  </game>
  <game name="Resident Evil 4 - Wii Edition (USA)">
    <description>14. Resident Evil 4: Wii Edition</description>
    <rom name="WiiRedumpNKitPart6/Resident%20Evil%204%20-%20Wii%20Edition%20%28USA%29/Resident%20Evil%204%20-%20Wii%20Edition%20%28USA%29.nkit.gcz" size="3587014960"/>
    <rating>4.45</rating>
    <ESRB>M - Mature</ESRB>
    <studio>Capcom</studio>
    <releasedate>19/06/2007</releasedate>
    <year>2007</year>
    <plot>A remake of the blockbuster survival horror game, fourth entry in the Resident Evil universe not only takes players out of the country on a recovery mission but also into the arms of a whole new enemy. As Leon Kennedy, players will explore a town overrun by cultists, mutants and mind-controlled villagers, using the Wii Remote to aim, fire, slash and avoid oncoming adversaries with intuitive motions and movements. Added Wii Remote and Nunchuck support allows players to immerse themselves in the game as never before. This package includes the original game (with tuned-up control for the Wiimote) plus the playable bonus Ada Wong side-story, The Another Order not available in the original GameCube version.</plot>
    <genre>Horror</genre>
    <groups>1G1R</groups>
    <nplayers>1</nplayers>
    <boxart1>eNmU8XX.png</boxart1>
    <boxart2>nwjK0sX.jpg</boxart2>
    <boxart3>hIuHLxG.jpg</boxart3>
    <boxart4>I1zoEB9.png</boxart4>
    <snapshot1>e65s2fd.jpg</snapshot1>
    <snapshot2>Rj5vAmn.jpg</snapshot2>
    <snapshot3>RVFYp8v.jpg</snapshot3>
    <snapshot4>ci3RLBc.jpg</snapshot4>
    <banner1>AxRodPk.jpg</banner1>
    <fanart1>ERWTLqH.jpg</fanart1>
    <fanart2>lHe93aB.jpg</fanart2>
    <clearlogo1>q0AvvAs.png</clearlogo1>
    <videoid>UGlZ4XtWUxg</videoid>
  </game>
  <game name="Ookami (USA)">
    <description>15. Okami</description>
    <rom name="WiiRedumpNKitPart5/Ookami%20%28USA%29/Ookami%20%28USA%29.nkit.gcz" size="3259079687"/>
    <ESRB>T - Teen</ESRB>
    <releasedate>15/04/2008</releasedate>
    <year>2008</year>
    <plot>You possess the power of a god, but you face the world in the form of a wolf![CR]You have the power to create and destroy. Faced with your greatest challenge, to restore order and beauty to a world laid barren by evil, you must overcome the odds against you.[CR]* An epic journey through a breathtaking landscape.[CR]* Use innovative controls to "paint" your desired powers.[CR]* Fight against a wide variety of fascinating yet deadly enemies![CR]* Communicate with unique characters.[CR]* Expand your god-like powers as you progress through the game!</plot>
    <genre>Adventure</genre>
    <groups>1G1R</groups>
    <nplayers>1 Co-Op</nplayers>
    <boxart1>kQVNMHf.png</boxart1>
    <boxart2>oduHMCn.jpg</boxart2>
    <fanart1>yQAxWiL.jpg</fanart1>
    <fanart2>9H24twZ.jpg</fanart2>
    <clearlogo1>yyVZ5Nw.png</clearlogo1>
  </game>
  <game name="Donkey Kong Country Returns (USA) (En,Fr,Es)">
    <description>16. Donkey Kong Country Returns</description>
    <rom name="WiiRedumpNKitPart2/Donkey%20Kong%20Country%20Returns%20%28USA%29%20%28En%2CFr%2CEs%29/Donkey%20Kong%20Country%20Returns%20%28USA%29%20%28En%2CFr%2CEs%29.nkit.gcz" size="3527732546"/>
    <rating>4.51</rating>
    <ESRB>E - Everyone</ESRB>
    <studio>Nintendo</studio>
    <releasedate>21/11/2010</releasedate>
    <year>2010</year>
    <plot>Under the influence of a group of evil Tikis, the animals of Donkey Kong Island have raided Donkey Kong's banana hoard and stolen his stash of bananas - and being an ape of large appetites he understandably wants them back. Good thing that you are along for the ride. With Donkey Kong Country Returns, Retro Studios brings Donkey Kong back to a banana and platforming hungry public in a new side-scrolling adventure with familiar characters and new levels that reignite the passion players had for the Super NES original and all things Donkey Kong.</plot>
    <genre>Platform</genre>
    <groups>Donkey Kong games,Donkey Kong Country series,Gameplay feature: New Game+,Nintendo Selects releases,Genre: Hop and Bop Platformer,Donkey Kong games,Donkey Kong Country series,Gameplay feature: New Game+,Nintendo Selects releases,Genre: Hop and Bop Platformer,1G1R,1G1R USA,1G1R English</groups>
    <nplayers>2</nplayers>
    <boxart1>k037JfZ.png</boxart1>
    <boxart2>ngHHdXY.jpg</boxart2>
    <boxart3>3vFJVcK.jpg</boxart3>
    <boxart4>rJ6A01t.jpg</boxart4>
    <boxart5>1bRLXew.jpg</boxart5>
    <boxart6>wEOdyCE.jpg</boxart6>
    <boxart7>IZJ27Gr.jpg</boxart7>
    <boxart8>yccgg39.png</boxart8>
    <snapshot1>jN4BiSj.jpg</snapshot1>
    <snapshot2>KGFjI7P.jpg</snapshot2>
    <snapshot3>y8ghw32.png</snapshot3>
    <snapshot4>eoY0ltb.png</snapshot4>
    <banner1>eIXaRZQ.jpg</banner1>
    <fanart1>x1jJCR5.jpg</fanart1>
    <fanart2>B8QmDMi.jpg</fanart2>
    <clearlogo1>CrgTVby.png</clearlogo1>
    <clearlogo2>yA7Th2Q.jpg</clearlogo2>
    <videoid>TMhEs78Zix8</videoid>
  </game>
  <game name="Metroid Prime 3 - Corruption (USA)">
    <description>17. Metroid Prime 3: Corruption</description>
    <rom name="WiiRedumpNKitPart4/Metroid%20Prime%203%20-%20Corruption%20%28USA%29/Metroid%20Prime%203%20-%20Corruption%20%28USA%29.nkit.gcz" size="4141641155"/>
    <rating>4.43</rating>
    <ESRB>T - Teen</ESRB>
    <studio>Nintendo</studio>
    <releasedate>27/08/2007</releasedate>
    <year>2007</year>
    <plot>Corruption is a large, open-ended game that takes place across several planets, each with regions connected by elevators, rail systems, and bridges. Each region has rooms separated by doors that can be opened when shot with the correct weapon. The gameplay revolves around solving puzzles to uncover secrets, jumping on platforms, and shooting enemies with the help of a "lock-on" mechanism that allows Samus to move in a circle while staying aimed on an enemy.</plot>
    <genre>Adventure</genre>
    <groups>Metroid series,Metroid Prime series,Gameplay feature: New Game+,1G1R,1G1R USA</groups>
    <nplayers>1</nplayers>
    <boxart1>RwzDJVg.png</boxart1>
    <boxart2>7Wzg5r9.jpg</boxart2>
    <boxart3>rtiNTqy.png</boxart3>
    <boxart4>Xe6WU00.jpg</boxart4>
    <snapshot1>UGkW6nO.png</snapshot1>
    <snapshot2>f5QtsPa.png</snapshot2>
    <snapshot3>4QGMM6i.png</snapshot3>
    <snapshot4>XCGlmtK.png</snapshot4>
    <fanart1>fpn5Stf.jpg</fanart1>
    <fanart2>6304CKf.jpg</fanart2>
    <clearlogo1>SgNDeda.png</clearlogo1>
    <videoid>lQLIwauAVNU</videoid>
  </game>
  <game name="Super Paper Mario (USA)">
    <description>18. Super Paper Mario</description>
    <rom name="WiiRedumpNKitPart7/Super%20Paper%20Mario%20%28USA%29/Super%20Paper%20Mario%20%28USA%29.nkit.gcz" size="327284718"/>
    <rating>4.06</rating>
    <ESRB>E - Everyone</ESRB>
    <studio>Nintendo</studio>
    <releasedate>09/04/2007</releasedate>
    <year>2007</year>
    <plot>Super Paper Mario is a platformer with role-playing elements. The player moves through a series of levels, where he explores various landscapes, fights enemies, and solves puzzles. The game is divided into 32 levels within eight chapters, each of which takes place in a unique location, or "dimension". The main objective is to collect the eight Pure Hearts, one in each chapter, which is used to gain access to the next. Each area is joined to a central hub, a town called Flipside.</plot>
    <genre>Platform</genre>
    <groups>Mario games,Mario RPG series,Paper Mario series,Nintendo Selects releases,Genre: Optical illusion / Perspective puzzles,Mario games,Mario RPG series,Paper Mario series,Nintendo Selects releases,Genre: Optical illusion / Perspective puzzles,1G1R,1G1R USA</groups>
    <nplayers>1</nplayers>
    <boxart1>BtRBkdT.jpg</boxart1>
    <boxart2>zev8DDZ.jpg</boxart2>
    <boxart3>D73V2CG.png</boxart3>
    <boxart4>LGa5nEP.png</boxart4>
    <boxart5>i5hgfgO.jpg</boxart5>
    <boxart6>hBfiYEb.jpg</boxart6>
    <boxart7>FezZPpI.jpg</boxart7>
    <boxart8>m3EIJVl.png</boxart8>
    <snapshot1>sWlMKy5.jpg</snapshot1>
    <snapshot2>KVq3ar0.jpg</snapshot2>
    <snapshot3>tzYV9w6.jpg</snapshot3>
    <snapshot4>uclMHgB.jpg</snapshot4>
    <banner1>A1g5WLR.jpg</banner1>
    <fanart1>7eOKpqn.jpg</fanart1>
    <fanart2>UCHBUt5.jpg</fanart2>
    <clearlogo1>67Wtwkb.jpg</clearlogo1>
    <videoid>aM4H1FeGfrE</videoid>
  </game>
  <game name="Silent Hill - Shattered Memories (USA) (En,Fr,Es)">
    <description>19. Silent Hill: Shattered Memories</description>
    <rom name="WiiRedumpNKitPart6/Silent%20Hill%20-%20Shattered%20Memories%20%28USA%29%20%28En%2CFr%2CEs%29/Silent%20Hill%20-%20Shattered%20Memories%20%28USA%29%20%28En%2CFr%2CEs%29.nkit.gcz" size="3430097611"/>
    <rating>4.50</rating>
    <ESRB>M - Mature</ESRB>
    <studio>Konami</studio>
    <releasedate>09/12/2009</releasedate>
    <year>2009</year>
    <plot>Billed as a re-imagining of the original Silent Hill, Shattered Memories once again casts you as Harry Mason searching across the haunted town for his missing daughter Cheryl. New to the series are a depiction of Silent Hill's demonic alter-dimension as a world of ice, and the removal of weapons from the game - when the monsters come out, Harry must literally run for his life.[CR]Between scenes, the game will cut to a psychiatrist's office, who asks you personal questions about yourself and your past experiences. The game will then alter itself based on your responses, changing characters and lines of dialog to something intended to be more personally uncomfortable.[CR]As you search for Cheryl, you will come across objects and recordings that tell some of the history of Silent Hill. The Wii Remote controls a flashlight aimed in real-time. Harry's cell phone accepts calls and messages from both the real and the supernatural, and a camera function is used to uncover hidden ghosts and their messages.</plot>
    <genre>Horror</genre>
    <groups>Silent Hill series,HUDless games,1G1R,1G1R USA,1G1R English</groups>
    <nplayers>1 Co-Op</nplayers>
    <boxart1>QsLn05A.jpg</boxart1>
    <boxart2>HzUiaKB.jpg</boxart2>
    <boxart3>yA2hTMW.jpg</boxart3>
    <boxart4>tYmQksu.png</boxart4>
    <boxart5>AY5vRnW.jpg</boxart5>
    <snapshot1>bRT5Yct.jpg</snapshot1>
    <snapshot2>2cQsHgS.jpg</snapshot2>
    <snapshot3>BkHHOiq.jpg</snapshot3>
    <snapshot4>IuJgRlu.jpg</snapshot4>
    <banner1>yyc1ETL.jpg</banner1>
    <fanart1>7Og6q9f.jpg</fanart1>
    <clearlogo1>XNlUwUT.png</clearlogo1>
  </game>
  <game name="Last Story, The (USA) (En,Fr,Es)">
    <description>20.  The Last Story</description>
    <rom name="WiiRedumpNKitPart4/Last%20Story%2C%20The%20%28USA%29%20%28En%2CFr%2CEs%29/Last%20Story%2C%20The%20%28USA%29%20%28En%2CFr%2CEs%29.nkit.gcz" size="4977127958"/>
    <rating>4.48</rating>
    <ESRB>T - Teen</ESRB>
    <studio>Xseed Games</studio>
    <releasedate>14/08/2012</releasedate>
    <year>2012</year>
    <plot>Embroiled in seemingly endless conflict, the Empire has been slowly weakened by the relentless onslaught of enemy forces. Despite the debilitated state of the mainland, however, a virtually impenetrable last line of defense stands proud and keeps hope alive for all the land. That beacon of hope is Lazulis Island, ruled by the renowned Count Arganan. With the employment of an army of weapons that magically -and mysteriously-- concentrates beasts into a single region, his island has become a small wonder for its powers.[CR]Among those coming to the island to seek their fortune is Zael, a young man who at an early age was orphaned when his homeland became one of the many victims of battle. Though he and his band of fellow mercenaries often face disdain and fear as they are perceived to be of a lower class, they manage to catch the eye of none other than Count Arganan himself. If they can successfully complete the tasks put before them by the Count, they may have a rare chance to gain the most honorable status that they have only dreamed of - knighthood.[CR]It is during one of these missions bestowed upon them that Zael discovers a hidden site, one which grants him a wondrous and yet familiar power to gather his enemies in one place...</plot>
    <genre>RPG</genre>
    <groups>1G1R</groups>
    <nplayers>1-4 Co-Op</nplayers>
    <boxart1>Dq2LYM0.jpg</boxart1>
    <boxart2>VSlx1Po.jpg</boxart2>
    <boxart3>D2uYQp4.jpg</boxart3>
    <boxart4>2ZDg5W5.jpg</boxart4>
    <boxart5>2th9wjI.jpg</boxart5>
    <boxart6>gnZM0R0.png</boxart6>
    <boxart7>itYvAXR.jpg</boxart7>
    <boxart8>x19nghi.png</boxart8>
    <banner1>il20cVh.jpg</banner1>
    <fanart1>DG8sHDF.jpg</fanart1>
    <fanart2>d4TYRCj.jpg</fanart2>
    <clearlogo1>JO8dgSu.png</clearlogo1>
    <videoid>m0UNe8bNfEo</videoid>
  </game>
  <game name="Rock Band 2 (USA)">
    <description>21. Rock Band 2</description>
    <rom name="WiiRedumpNKitPart6/Rock%20Band%202%20%28USA%29/Rock%20Band%202%20%28USA%29.nkit.gcz" size="3417240879"/>
    <rating>4.00</rating>
    <ESRB>T - Teen</ESRB>
    <studio>MTV Games</studio>
    <releasedate>18/12/2008</releasedate>
    <year>2008</year>
    <plot>Rock Band 2 is the sequel to the 2007 musical simulation game Rock Band and offers similar gameplay. Directly competing with Guitar Hero: World Tour, the game allows different people to play together as in a band, with the same peripherals as the first game: lead guitar, bass guitar, microphone and a drum set.[CR]The new drum and guitar controllers for this version, bundled or sold separately, have been revised and older controllers are also supported. The guitar controller, modelled after the Fender Stratocaster, has five additional fret buttons near the neck, for fast fingertapping sessions. There is also an effect switch to toggle between five different effects. Players use the instruments to match notes on the screen, divided in different portions for different instruments, along with the lyrics for the singer who need to match the pitch.</plot>
    <genre>Music</genre>
    <groups>Middleware: Net-Z,Genre: Simulation - Music,Middleware: Rendez-Vous,Rock Band series,Middleware: FaceFX,Middleware: Net-Z,Genre: Simulation - Music,Middleware: Rendez-Vous,Rock Band series,Middleware: FaceFX,1G1R,1G1R USA</groups>
    <nplayers>1-4</nplayers>
    <boxart1>gP4mKXe.png</boxart1>
    <boxart2>dGaSbT7.jpg</boxart2>
    <boxart3>GZvJ8dP.png</boxart3>
    <boxart4>yNomNis.png</boxart4>
    <snapshot1>VQhYlJu.jpg</snapshot1>
    <snapshot2>O7cnWNN.jpg</snapshot2>
    <snapshot3>RclPBik.jpg</snapshot3>
    <snapshot4>XeiAESQ.jpg</snapshot4>
    <fanart1>4CeoGa7.jpg</fanart1>
    <fanart2>RYIkRrx.jpg</fanart2>
    <clearlogo1>2XZGv3H.png</clearlogo1>
    <videoid>A52QGpGnB8k</videoid>
  </game>
  <game name="Guitar Hero 5 (USA)">
    <description>22. Guitar Hero 5</description>
    <rom name="WiiRedumpNKitPart3/Guitar%20Hero%205%20%28USA%29/Guitar%20Hero%205%20%28USA%29.nkit.gcz" size="3747015851"/>
    <rating>4.75</rating>
    <ESRB>T - Teen</ESRB>
    <studio>Activision</studio>
    <releasedate>01/09/2009</releasedate>
    <year>2009</year>
    <plot>Featuring the best variety and biggest rock stars of today combined with classic rock anthems, Guitar Hero 5 cranks it up again for videogame rockers. For the first time ever, players can customize the make-up of their band by rocking with any combination of instruments in-game: whether it be two guitars and two drums, or three guitars and a microphone, any combination is possible, allowing players to experience music their own way. Brand new, innovative, easy-to-use gameplay modes like Party Play and RockFest put fun, competition and control at center stage as fans tailor the Guitar Hero experience to match their personal style and interests.[CR]For extended hours of entertainment, downloadable content from Guitar Hero World Tour will be compatible with the game and will automatically be updated to include all of the upgrades and enhancements of Guitar Hero 5.</plot>
    <genre>Music</genre>
    <groups>Genre: Simulation - Music,Guitar Hero series,Games referenced in movies,Hero music games,Genre: Simulation - Music,Guitar Hero series,Games referenced in movies,Hero music games,1G1R,1G1R USA</groups>
    <nplayers>1-4</nplayers>
    <boxart1>9oZhfyq.png</boxart1>
    <boxart2>XtkXwV0.png</boxart2>
    <boxart3>KDuWNax.png</boxart3>
    <clearlogo1>0CfPHhC.png</clearlogo1>
  </game>
  <game name="Wii Sports Resort (USA) (En,Fr,Es)">
    <description>23. Wii Sports Resort</description>
    <rom name="WiiRedumpNKitPart8/Wii%20Sports%20Resort%20%28USA%29%20%28En%2CFr%2CEs%29/Wii%20Sports%20Resort%20%28USA%29%20%28En%2CFr%2CEs%29.nkit.gcz" size="812712471"/>
    <rating>4.39</rating>
    <ESRB>E - Everyone</ESRB>
    <studio>Nintendo</studio>
    <releasedate>26/07/2009</releasedate>
    <year>2009</year>
    <plot>Set off on a journey to a tropical island where an array of fun activities await. In Wii Sports Resort, the sequel to the engaging Wii Sports, you'll discover a wide range of new sports and activities you can play anytime. Go head-to-head with your friends and family in the ultimate sports showdown set in a tropical paradise.[CR]In Wii Sports Resort, you'll use your Wii Remote to literally swing into action. Perform realistic sports moves to take on the competition in activities that include Sword Play, Power Cruising (racing a water scooter) and Disc Dog, in which you'll toss a disc to an adorable, Mii-like dog. Become even more immersed in the action courtesy of the included Wii MotionPlus accessory, which attaches to your Wii Remote to provide even greater responsiveness and precision. With the game's easy-to-use controls, anyone can pick up a Wii Remote and leap into the game to experience all the heated competition and hilarity.[CR]Key Game Features:[CR]-Engage in a wide range of exciting activities, including Sword Play, Power Cruising, and Disc Dog[CR]-Savor the escapism of the game's tropical island theme[CR]-Jump easily into the game no matter what your experience level thanks to easy pick-up-and-play controls[CR]-Compete against friends and family in thrilling sports showdowns</plot>
    <genre>Sports</genre>
    <groups>Touch! Generations games,Nintendo Selects releases,Wii Sports series,Touch! Generations games,Nintendo Selects releases,Wii Sports series,1G1R,1G1R USA,1G1R English</groups>
    <nplayers>1-4</nplayers>
    <boxart1>BzfAUjx.jpg</boxart1>
    <boxart2>EZpuoSf.jpg</boxart2>
    <boxart3>zo5bXG4.png</boxart3>
    <boxart4>9AdYtfs.png</boxart4>
    <boxart5>VCyTM9J.jpg</boxart5>
    <boxart6>QX6JDhZ.png</boxart6>
    <boxart7>fifDkuq.jpg</boxart7>
    <boxart8>YrNenwO.png</boxart8>
    <snapshot1>MToZyU2.jpg</snapshot1>
    <snapshot2>TpbnRy3.jpg</snapshot2>
    <snapshot3>rUAlKVe.jpg</snapshot3>
    <snapshot4>cZdd5fp.jpg</snapshot4>
    <banner1>07URwmF.jpg</banner1>
    <fanart1>5lmEl98.jpg</fanart1>
    <fanart2>zZWkfJb.jpg</fanart2>
    <clearlogo1>mtWrbu4.png</clearlogo1>
    <clearlogo2>LmjEv3C.png</clearlogo2>
    <videoid>LxMJlqfBQmA</videoid>
  </game>
  <game name="Kirby's Return to Dream Land (USA) (En,Fr,Es)">
    <description>24. Kirby's Return to Dream Land</description>
    <rom name="WiiRedumpNKitPart4/Kirby%27s%20Return%20to%20Dream%20Land%20%28USA%29%20%28En%2CFr%2CEs%29/Kirby%27s%20Return%20to%20Dream%20Land%20%28USA%29%20%28En%2CFr%2CEs%29.nkit.gcz" size="1312108962"/>
    <rating>4.57</rating>
    <ESRB>E10+ - Everyone 10+</ESRB>
    <studio>Nintendo</studio>
    <releasedate>24/10/2011</releasedate>
    <year>2011</year>
    <plot>Kirby and his friends are back in an adventure designed to satisfy longtime Kirby fans and beginners alike. When an alien spaceship crashes in the otherwise peaceful realm of Pop Star, its pieces are scattered throughout the land. Players must guide Kirby as he retrieves the ship's parts and helps the aliens return to their home planet. This time, however, he's not alone. At any time, up to three more players can join in the fun and play as Meta Knight, King Dedede and Waddle Dee to help Kirby in his quest.</plot>
    <genre>Platform</genre>
    <groups>Kirby games,Game feature: BGM / music player,Gameplay feature: New Game+,Kirby games,Game feature: BGM / music player,Gameplay feature: New Game+,1G1R,1G1R USA,1G1R English</groups>
    <nplayers>1-4 Co-Op</nplayers>
    <boxart1>OQdc5Ul.png</boxart1>
    <boxart2>ICOGAGG.jpg</boxart2>
    <boxart3>wuotQp0.png</boxart3>
    <boxart4>dPInCQ8.jpg</boxart4>
    <boxart5>N3pXNyb.png</boxart5>
    <boxart6>o2MDpOi.png</boxart6>
    <boxart7>Sj3i5Ye.png</boxart7>
    <boxart8>tpzZ1ER.png</boxart8>
    <snapshot1>XOHRdxh.png</snapshot1>
    <snapshot2>gbypMUg.png</snapshot2>
    <snapshot3>P47O5QP.png</snapshot3>
    <snapshot4>L1I39zT.png</snapshot4>
    <banner1>N3cgjc6.jpg</banner1>
    <fanart1>d6tWDYZ.jpg</fanart1>
    <fanart2>ekoly4B.jpg</fanart2>
    <clearlogo1>wCthSm4.jpg</clearlogo1>
    <clearlogo2>bjInXaV.png</clearlogo2>
    <videoid>Gl1AAb1SLiM</videoid>
  </game>
  <game name="Muramasa - The Demon Blade (USA)">
    <description>25. Muramasa: The Demon Blade</description>
    <rom name="WiiRedumpNKitPart5/Muramasa%20-%20The%20Demon%20Blade%20%28USA%29/Muramasa%20-%20The%20Demon%20Blade%20%28USA%29.nkit.gcz" size="761594074"/>
    <rating>4.42</rating>
    <ESRB>T - Teen</ESRB>
    <studio>Ignition Entertainment</studio>
    <releasedate>08/09/2009</releasedate>
    <year>2009</year>
    <plot>Based on ancient Japanese lore, Murumasa: The Demon Blade plunges players into the mystical Genroku era, ruled by the skilled shogun Tsunayoshi Tokogawa. But this culture is threatened; Tokugawa's thirst for power leads to a conflict over the enormously powerful, though cursed, Demon Blades. Used in hatred, drenched in blood, the cursed blades condemn those who use them to tragedy, madness, and untimely deaths. As chaos spreads, denizens from the netherworld breach their realm as these malevolent swords summon evil spirits -- and the Dragon and Demon Gods as well.[CR]Featuring hand-drawn 2D art reflecting the heritage and tone of the storyline, Muramasa: The Demon Blade transports players into a little known mythology, envisioned by the creators of the critically acclaimed Odin Sphere. Players take on the role of a male ninja or female kunoichi, utilizing their ninja prowess to traverse the clever side-scrolling levels that feature vertical progression as well as the traditional horizontal stage advancement.</plot>
    <genre>RPG</genre>
    <groups>Muramasa series,1G1R,1G1R USA</groups>
    <nplayers>1</nplayers>
    <boxart1>Z4HJwNq.png</boxart1>
    <boxart2>vpnMlrb.png</boxart2>
    <boxart3>EHD2rpJ.jpg</boxart3>
    <boxart4>Wr8AyWp.png</boxart4>
    <boxart5>UymrNDF.png</boxart5>
    <boxart6>FWxAMGq.png</boxart6>
    <boxart7>fIOnTr7.jpg</boxart7>
    <snapshot1>Ao7tzLL.png</snapshot1>
    <snapshot2>LncQ09y.png</snapshot2>
    <snapshot3>p2qJLFe.png</snapshot3>
    <snapshot4>zZ68a02.png</snapshot4>
    <banner1>AbSIGjP.jpg</banner1>
    <fanart1>16uVG6D.jpg</fanart1>
    <fanart2>57YnGGq.jpg</fanart2>
    <clearlogo1>9l4PwIN.png</clearlogo1>
    <videoid>rKl0o3B4Sr4</videoid>
  </game>
  <game name="Dead Space - Extraction (USA) (En,Fr)">
    <description>26. Dead Space: Extraction</description>
    <rom name="WiiRedumpNKitPart2/Dead%20Space%20-%20Extraction%20%28USA%29%20%28En%2CFr%29/Dead%20Space%20-%20Extraction%20%28USA%29%20%28En%2CFr%29.nkit.gcz" size="3739629913"/>
    <rating>3.80</rating>
    <ESRB>M - Mature</ESRB>
    <studio>Electronic Arts</studio>
    <releasedate>29/09/2009</releasedate>
    <year>2009</year>
    <plot>Dead Space Extraction tells the untold story of the Aegis VII Colony through a handful of survivors battling to reach the orbiting USG Ishimura amidst a horrific infection and the initial invasion by a violent alien race known as Necromorphs. As these survivors' allies mysteriously fall victim to dementia, it becomes clear that protecting a young girl granting them a bizarre immunity may be their only hope for survival in a struggle that could have implications for all of humanity.</plot>
    <genre>Shooter</genre>
    <groups>Dead Space series,1G1R,1G1R USA,1G1R English</groups>
    <nplayers>1-2 Co-Op</nplayers>
    <boxart1>gr9ZjoR.png</boxart1>
    <boxart2>rKcn69x.png</boxart2>
    <boxart3>aYvcs6n.png</boxart3>
    <boxart4>n5DzQt2.jpg</boxart4>
    <boxart5>XfE5pNu.png</boxart5>
    <boxart6>Xd3VlLM.jpg</boxart6>
    <boxart7>fIdu6Zk.jpg</boxart7>
    <snapshot1>s9A3ceK.png</snapshot1>
    <snapshot2>a54ITY1.jpg</snapshot2>
    <snapshot3>aFC723a.png</snapshot3>
    <snapshot4>j1YIo7L.png</snapshot4>
    <banner1>i38RTQO.png</banner1>
    <fanart1>BI3ZrHt.jpg</fanart1>
    <fanart2>6R687d5.jpg</fanart2>
    <clearlogo1>BRkVIuT.png</clearlogo1>
    <videoid>GDeEGEIhJ-A</videoid>
  </game>
  <game name="Red Steel 2 (USA) (En,Fr,Es)">
    <description>27. Red Steel 2</description>
    <rom name="WiiRedumpNKitPart6/Red%20Steel%202%20%28USA%29%20%28En%2CFr%2CEs%29/Red%20Steel%202%20%28USA%29%20%28En%2CFr%2CEs%29.nkit.gcz" size="2649941260"/>
    <rating>4.12</rating>
    <ESRB>T - Teen</ESRB>
    <studio>Ubisoft</studio>
    <releasedate>23/03/2010</releasedate>
    <year>2010</year>
    <plot>In Red Steel 2 Wild West gunplay and Samurai skill with the blade collide head on. Set in a desert-bound, high-tech metropolis a swordsman with no name is nearly all that is left of the once powerful Kusagari-clan. A clan known as "the Jackals", lead by one known as "Payne", are responsible and now it is the Swordsman's duty and you're to avenge the fallen Kusagari. [CR]Red Steel 2 is a single player first-person shooter developed exclusively for Wii and designed to utilize the Wii Remote's optional MotionPlus technology. Players will pick up the Wii Remote and swing it freely as the sword on-screen follows their precise movement - and even measures the strength of their swing. With this added ability of the Wii MotionPlus to sense the strength of a swing, you will literally be able to make an impact on your adversaries through power and precision and even engage multiple pistol-packing enemies at once, deflecting bullets with precise sword strokes. Along with less stylish actions, players rack up points through executing combos, finishing moves and other actions as members of the rival Jackal clan are eliminated. Additional abilities and weapons are earned or are available for purchase as victories pile up.</plot>
    <genre>Shooter</genre>
    <groups>Non-traditional Westerns,Red Steel series,3D Engine: LyN,Non-traditional Westerns,Red Steel series,3D Engine: LyN,1G1R,1G1R USA,1G1R English</groups>
    <nplayers>1</nplayers>
    <boxart1>LagaQXf.png</boxart1>
    <boxart2>ozH2aAR.jpg</boxart2>
    <boxart3>zWwwSVG.png</boxart3>
    <boxart4>UkjuMma.jpg</boxart4>
    <snapshot1>vX5MtnF.jpg</snapshot1>
    <snapshot2>KEF432K.png</snapshot2>
    <snapshot3>nC5BT1O.png</snapshot3>
    <snapshot4>caBuc5h.png</snapshot4>
    <banner1>puBuDgm.jpg</banner1>
    <fanart1>Z6FfqL7.jpg</fanart1>
    <fanart2>cVeps4R.jpg</fanart2>
    <clearlogo1>4IhSPdw.png</clearlogo1>
    <videoid>mJJ79gzxTSA</videoid>
  </game>
  <game name="Rhythm Heaven Fever (USA)">
    <description>28. Rhythm Heaven Fever</description>
    <rom name="WiiRedumpNKitPart6/Rhythm%20Heaven%20Fever%20%28USA%29/Rhythm%20Heaven%20Fever%20%28USA%29.nkit.gcz" size="589312999"/>
    <rating>3.83</rating>
    <ESRB>E - Everyone</ESRB>
    <studio>Nintendo</studio>
    <releasedate>13/02/2012</releasedate>
    <year>2012</year>
    <plot>Rhythm Heaven Fever is the quirkiest, most charming rhythm game you and your friends will ever play. Irresistibly catchy music and cheerfully crazy scenarios put a brand new spin on what it means to feel the pulse of the music! Test your rhythm in over 50 easy to learn, tough to master minigames. Rhythm Heaven Fever teaches you how to find the beat in your soul to prove you've got the groove.</plot>
    <genre>Music</genre>
    <groups>Rhythm Heaven series,Rhythm Heaven series,1G1R,1G1R USA</groups>
    <nplayers>1-2 Co-Op</nplayers>
    <boxart1>dJzorGo.png</boxart1>
    <boxart2>8T0WttV.jpg</boxart2>
    <boxart3>7337u9b.png</boxart3>
    <boxart4>boOYz9e.png</boxart4>
    <boxart5>IpJc0Tt.png</boxart5>
    <boxart6>bIaNTLS.jpg</boxart6>
    <boxart7>YRlFaLZ.jpg</boxart7>
    <snapshot1>4psfeDE.jpg</snapshot1>
    <snapshot2>kN8rJHK.jpg</snapshot2>
    <banner1>K9Z51SX.jpg</banner1>
    <fanart1>s9qusaI.jpg</fanart1>
    <fanart2>fOIkdUr.jpg</fanart2>
    <clearlogo1>komPUPK.png</clearlogo1>
    <clearlogo2>PPJVGoa.png</clearlogo2>
    <videoid>zjX0k_UFdlM</videoid>
  </game>
  <game name="New Super Mario Bros. Wii (USA) (En,Fr,Es) (Rev 1)">
    <description>29. New Super Mario Bros. Wii</description>
    <rom name="WiiRedumpNKitPart5/New%20Super%20Mario%20Bros.%20Wii%20%28USA%29%20%28En%2CFr%2CEs%29%20%28Rev%201%29/New%20Super%20Mario%20Bros.%20Wii%20%28USA%29%20%28En%2CFr%2CEs%29%20%28Rev%201%29.nkit.gcz" size="438488723"/>
    <rating>4.57</rating>
    <ESRB>E - Everyone</ESRB>
    <studio>Nintendo</studio>
    <releasedate>20/11/2009</releasedate>
    <year>2009</year>
    <plot>The game follows the traditional storyline of Princess Peach getting kidnapped by Bowser and his children, the Koopalings and Bowser Jr. When Mario, Luigi, Blue Toad, and Yellow Toad are celebrating Princess Peach's birthday in her castle, a large cake rolls in. Immediately, Bowser Jr. and the Koopalings pop out and throw the cake on top of Peach, trapping her. The cake is loaded onto Bowser's airship and it takes off, with Mario, Luigi, and the Toads giving chase. The Toads in the castle then grant them access to the Propeller and Penguin Suits via a cannon.</plot>
    <genre>Platform</genre>
    <groups>Super Mario series,Nintendo Selects releases,Genre: Hop and Bop Platformer,Super Mario series,Nintendo Selects releases,Genre: Hop and Bop Platformer</groups>
    <nplayers>1-4 Co-Op</nplayers>
    <boxart1>ursRn46.png</boxart1>
    <boxart2>0Ju1LRy.jpg</boxart2>
    <boxart3>uMXewh4.jpg</boxart3>
    <boxart4>r2CBeBs.png</boxart4>
    <boxart5>1ObBftV.jpg</boxart5>
    <boxart6>afkriTT.jpg</boxart6>
    <boxart7>kcXn2bf.jpg</boxart7>
    <snapshot1>6IxNNFC.jpg</snapshot1>
    <snapshot2>ihVV5Gc.jpg</snapshot2>
    <snapshot3>dvmbGAs.jpg</snapshot3>
    <snapshot4>1uouoK4.jpg</snapshot4>
    <snapshot5>hIVWOSD.jpg</snapshot5>
    <banner1>1e0JKY7.jpg</banner1>
    <fanart1>JUMDtwR.jpg</fanart1>
    <fanart2>BG6ZJlv.jpg</fanart2>
    <clearlogo1>vOtVmSC.png</clearlogo1>
    <videoid>ht8r30Vk9P0</videoid>
  </game>
  <game name="DJ Hero (USA) (En,Fr)">
    <description>30. DJ Hero</description>
    <rom name="WiiRedumpNKitPart2/DJ%20Hero%20%28USA%29%20%28En%2CFr%29/DJ%20Hero%20%28USA%29%20%28En%2CFr%29.nkit.gcz" size="1976982390"/>
    <rating>2.50</rating>
    <ESRB>T - Teen</ESRB>
    <studio>Activision</studio>
    <releasedate>27/10/2009</releasedate>
    <year>2009</year>
    <plot>DJ Hero is a music video game, developed by FreeStyleGames and published by Activision as a rhythm game spin-off of the Guitar Hero franchise. It was released on October 27, 2009 in North America and on October 29, 2009 in Europe. The game is based on turntablism, the act of creating a new musical work from one or more previously recorded songs using record players and sound effect generators, and features 94 remixes of two different songs from a selection of over 100 different songs across numerous genres.[CR]To score points, the player must press buttons to activate accented beats, adjust their crossfade between the two songs, and "scratch" the turntable on the game's custom controller in time to marks that scroll on the screen to score points and perform well for the virtual crowd. The game features both a single player Career mode and cooperative and competitive multiplayer modes. The game also features a mode for selected songs for a DJ player to play alongside another player using a Guitar Hero guitar controller. Many DJ and mix artists have contributed to the game both in the game's development, the creation of mixes, and in lending their images for playable avatars in the game; these including DJ Shadow, Z-Trip, DJ AM, Grandmaster Flash, DJ Jazzy Jeff, and Daft Punk.[CR]DJ Hero was generally well received by game journalists, praising the departure from the Guitar Hero series-style of gameplay, the use of the turntable controller to simulate the motions of a DJ and how the game's difficulty curve helps the player to become skilled on it, and the game's soundtrack; several smaller issues were identified as potential improvements for a possible sequel. However, the game did not perform as strongly as expected by industry analysts, believed to be due to the waning interest in music games during 2009; regardless, DJ Hero is stated by NPD Group to be the highest-grossing new intellectual property of 2009 in North America.</plot>
    <genre>Music</genre>
    <groups>Genre: Simulation - Music,Hero music games,DJ Hero series,Genre: Simulation - Music,Hero music games,DJ Hero series,1G1R,1G1R USA,1G1R English</groups>
    <nplayers>1-2</nplayers>
    <boxart1>qZsQaXg.png</boxart1>
    <boxart2>MIGX3gt.jpg</boxart2>
    <boxart3>Sa7JQSZ.png</boxart3>
    <boxart4>ypmFRrC.png</boxart4>
    <boxart5>fjk4l89.png</boxart5>
    <fanart1>7VTAOqW.jpg</fanart1>
    <clearlogo1>ibht91b.png</clearlogo1>
    <videoid>uA0kSEdBygY</videoid>
  </game>
  <game name="Bully - Scholarship Edition (USA) (En,Fr,Es)">
    <description>31. Bully - Scholarship Edition</description>
    <rom name="WiiRedumpNKitPart1/Bully%20-%20Scholarship%20Edition%20%28USA%29%20%28En%2CFr%2CEs%29/Bully%20-%20Scholarship%20Edition%20%28USA%29%20%28En%2CFr%2CEs%29.nkit.gcz" size="2986482629"/>
    <rating>5.00</rating>
    <ESRB>T - Teen</ESRB>
    <studio>Rockstar</studio>
    <releasedate>03/04/2008</releasedate>
    <year>2008</year>
    <plot>Bully is a subtle sandbox game set in a school environment. The player takes control of teenage rebel James "Jimmy" Hopkins, who from the opening cutscene is revealed to be a difficult student with a disruptive background. The game concerns the events that follow Jimmy being dropped off at Bullworth Academy, a fictional New England boarding school. The player is free to explore the school campus in the beginning and, later on in the game, the town, or to complete the main missions. The game makes extensive use of minigames. Some are used to earn money, others to improve Jimmy's abilities or get new items.[CR]School classes themselves are done in the form of minigames, broken into five levels of increasing difficulty. Each completed class brings a benefit to gameplay. English, as an example, is a word scramble minigame, and as Jimmy does well in this minigame, he learns various language-skills, such as the ability to apologize to police for small crimes. Chemistry also an example, is a button pushing minigame, and if Jimmy does well, he gains the ability to create firecrackers, stink bombs, and other items at his chemistry set in his room at the dorm.</plot>
    <genre>Sandbox</genre>
    <groups>QIX variants,Middleware: Gamebryo/Lightspeed/NetImmerse,Gameplay feature: Photography,Bully versions,Theme: School,Physical Bonus Content: World Map,Physical Bonus Content: Poster,Physical Bonus Content: Soundtrack,1G1R,1G1R USA,1G1R English</groups>
    <nplayers>1-2</nplayers>
    <boxart1>JDD6Dx6.png</boxart1>
    <boxart2>xBnsiSa.jpg</boxart2>
    <boxart3>aE8sPdI.png</boxart3>
    <boxart4>GemGEfW.png</boxart4>
    <snapshot1>rnngJQW.png</snapshot1>
    <snapshot2>y7NhWNV.png</snapshot2>
    <snapshot3>Wup1mLq.png</snapshot3>
    <snapshot4>P8dr7MA.png</snapshot4>
    <fanart1>IPr1ZiO.jpg</fanart1>
    <clearlogo1>wUTv5Rs.png</clearlogo1>
    <videoid>2DPhTb4J2Eg</videoid>
  </game>
  <game name="ExciteBots - Trick Racing (USA)">
    <description>32. Excitebots: Trick Racing</description>
    <rom name="WiiRedumpNKitPart3/ExciteBots%20-%20Trick%20Racing%20%28USA%29/ExciteBots%20-%20Trick%20Racing%20%28USA%29.nkit.gcz" size="965252410"/>
    <rating>3.57</rating>
    <ESRB>E - Everyone</ESRB>
    <studio>Nintendo</studio>
    <releasedate>20/04/2009</releasedate>
    <year>2009</year>
    <plot>Excitebots is controlled with the Wii remote horizontally or optionally with the Wii Wheel. Most of the games are played on courses large in size with many opportunities to take meandering paths. The 25 different courses offered are modeled after real locations on Earth. Because of the size of each course, most races are two laps long and offer opportunities to gain massive altitude, perform various maneuvers, and obtain various items.</plot>
    <genre>Racing</genre>
    <groups>Excite series,Ball sports with vehicles,1G1R,1G1R USA</groups>
    <nplayers>1-6</nplayers>
    <boxart1>XsNbtC3.jpg</boxart1>
    <boxart2>tKtXqy9.jpg</boxart2>
    <boxart3>aevZub0.png</boxart3>
    <boxart4>bUYsb3M.png</boxart4>
    <boxart5>CtTeM2Y.jpg</boxart5>
    <snapshot1>qG1ptH3.jpg</snapshot1>
    <fanart1>NciUOjM.jpg</fanart1>
    <fanart2>VzKEzNQ.jpg</fanart2>
    <clearlogo1>NrymHTJ.png</clearlogo1>
    <videoid>h85oXK56xVI</videoid>
  </game>
  <game name="Trauma Center - Second Opinion (USA)">
    <description>33. Trauma Center: Second Opinion</description>
    <rom name="WiiRedumpNKitPart7/Trauma%20Center%20-%20Second%20Opinion%20%28USA%29/Trauma%20Center%20-%20Second%20Opinion%20%28USA%29.nkit.gcz" size="755450116"/>
    <rating>3.75</rating>
    <ESRB>T - Teen</ESRB>
    <studio>Atlus</studio>
    <releasedate>19/11/2006</releasedate>
    <year>2006</year>
    <plot>The critically acclaimed medical drama simulation is making a house call on your Wii! Dr. Derek Stiles is back, but he's not the only surgeon on call--a new player joins the team, bringing along everything the doctor ordered: difficulty modes, new surgical implements like the defibrillator and an exciting never-before-seen conclusion. So what are you waiting for? If one dose of Trauma Center wasn't enough, it's time you got a Second Opinion![CR]Cure a cold, or amputate an arm, all without cracking open a bottle of pills or getting bloody. The latest in the Trauma Center series of games by Atlus, Trauma Center: Second Opinion lets you play the surgeon in an exciting medical drama simulation game. You'll need to cure patients of everything from routine medical maladies to life-threatening designer viruses.</plot>
    <genre>Visual Novel</genre>
    <groups>Genre: Simulation - Medical,Trauma Center series,Setting: Future now Past,1G1R,1G1R USA</groups>
    <nplayers>1</nplayers>
    <boxart1>9896KWp.jpg</boxart1>
    <boxart2>XAuOrPb.jpg</boxart2>
    <boxart3>lmGqR55.png</boxart3>
    <boxart4>hEAUKL4.png</boxart4>
    <snapshot1>SnFO55x.jpg</snapshot1>
    <snapshot2>7H8R9rM.png</snapshot2>
    <snapshot3>6pWMln3.png</snapshot3>
    <snapshot4>yV5Eheq.png</snapshot4>
    <fanart1>S8Kir3F.jpg</fanart1>
    <fanart2>yDUoOCQ.jpg</fanart2>
    <clearlogo1>Ye5I3hy.png</clearlogo1>
    <videoid>-L5ffMeTYzY</videoid>
  </game>
  <game name="House of the Dead, The - Overkill (USA) (En,Fr,Es)">
    <description>34. The House of the Dead: Overkill</description>
    <rom name="WiiRedumpNKitPart3/House%20of%20the%20Dead%2C%20The%20-%20Overkill%20%28USA%29%20%28En%2CFr%2CEs%29/House%20of%20the%20Dead%2C%20The%20-%20Overkill%20%28USA%29%20%28En%2CFr%2CEs%29.nkit.gcz" size="2741150334"/>
    <rating>3.94</rating>
    <ESRB>M - Mature</ESRB>
    <studio>Sega</studio>
    <releasedate>31/10/2009</releasedate>
    <year>2009</year>
    <plot>Overkill is a rail shooter, with pre-determined character movement, while the shooting element under player control by pointing the Wii Remote at the screen, moving the aiming reticle. The player can point the reticle near the edge of the screen to move the camera angle slightly in that direction, allowing a further field of view known as "Danger Cam". The story mode can be played solo or with another human player, with one weapon or dual-wielding controls.</plot>
    <genre>Shooter</genre>
    <groups>The House of the Dead series,Middleware: BlitzTech,1G1R,1G1R USA,1G1R English</groups>
    <nplayers>1</nplayers>
    <boxart1>2VT2TCY.jpg</boxart1>
    <boxart2>rh29Upp.jpg</boxart2>
    <boxart3>anz9Vdh.png</boxart3>
    <boxart4>3LpCyGf.jpg</boxart4>
    <snapshot1>oQkpajl.jpg</snapshot1>
    <snapshot2>TbQCs4q.jpg</snapshot2>
    <snapshot3>dJY38zP.jpg</snapshot3>
    <snapshot4>rehl1jk.jpg</snapshot4>
    <banner1>2gafh9c.jpg</banner1>
    <fanart1>Buaxbho.jpg</fanart1>
    <fanart2>sdYaZbm.jpg</fanart2>
    <clearlogo1>72VDIoQ.png</clearlogo1>
    <videoid>1tF6oUhDpnA</videoid>
  </game>
  <game name="Little King's Story (USA) (En,Fr,Es)">
    <description>35. Little King's Story</description>
    <rom name="WiiRedumpNKitPart4/Little%20King%27s%20Story%20%28USA%29%20%28En%2CFr%2CEs%29/Little%20King%27s%20Story%20%28USA%29%20%28En%2CFr%2CEs%29.nkit.gcz" size="4039138068"/>
    <rating>3.62</rating>
    <ESRB>T - Teen</ESRB>
    <studio>Xseed Games</studio>
    <releasedate>21/07/2009</releasedate>
    <year>2009</year>
    <plot>Little King's Story is an original single player simulation Role-Playing Game (RPG) designed and developed by some of the most respected names in the gaming industry. Featuring the efforts of Yasuhiro Wada (creator: Harvest Moon), Hideo Minaba (Art Director: Final Fantasy XII), and Youichi Kawaguchi (Main Programmer: Dragon Quest VIII), Little King's Story combines life-simulation, real-time strategy, and adventure elements along with an enchanting storyline to offer a new and unique gaming experience on the Wii platform.</plot>
    <genre>Strategy</genre>
    <groups>Games with classical music,Little King's Story series,Games with classical music,Little King's Story series,1G1R,1G1R USA,1G1R English</groups>
    <nplayers>1</nplayers>
    <boxart1>GYoIjE2.png</boxart1>
    <boxart2>MNrqN9B.png</boxart2>
    <boxart3>0tUkh5j.jpg</boxart3>
    <boxart4>X5IkCpO.png</boxart4>
    <boxart5>kHWZ8Hx.jpg</boxart5>
    <snapshot1>nrJLUQM.jpg</snapshot1>
    <fanart1>V5wqWdm.jpg</fanart1>
    <fanart2>H1tJUQP.jpg</fanart2>
    <clearlogo1>ycA7b3U.jpg</clearlogo1>
  </game>
  <game name="Sin &amp; Punishment - Star Successor (USA)">
    <description>36. Sin &amp; Punishment: Star Successor</description>
    <rom name="WiiRedumpNKitPart6/Sin%20%26%20Punishment%20-%20Star%20Successor%20%28USA%29/Sin%20%26%20Punishment%20-%20Star%20Successor%20%28USA%29.nkit.gcz" size="879278360"/>
    <rating>4.11</rating>
    <ESRB>T - Teen</ESRB>
    <studio>Nintendo</studio>
    <releasedate>27/06/2010</releasedate>
    <year>2010</year>
    <plot>Sin and Punishment: Star Successor is an arcade style rail shooter that allows for a range of movement around the immediate level as the player is funneled along their path. Players can assume the role of either the male or female character, Isa and Kachi. Each can fight on the ground or in the sky with the right equipment, and utilize a diverse mix of evasive maneuvers, melee attacks in close quarters and unique special attacks. The world of Sin and Punishment: Star Successor is packed with enemies ranging from swarms of low to mid-level enemies to over-the-top bosses. In battling all these, players must use their particular mix of offensive and defensive skills to continually build point multiplier bonuses as they cash in on the enemies that they conquer. The game supports a variety of controller/controller configurations, two-player play and an online international leaderboard.</plot>
    <genre>Shooter</genre>
    <groups>Cabal variants,Genre: Chase-view / Space Harrier-style shooter,Sin and Punishment series,1G1R,1G1R USA</groups>
    <nplayers>1-2 Co-Op</nplayers>
    <boxart1>gfXHGwj.jpg</boxart1>
    <boxart2>9k6uipU.png</boxart2>
    <boxart3>ztLcBMh.jpg</boxart3>
    <boxart4>o1XH3U3.png</boxart4>
    <snapshot1>XncdEhm.jpg</snapshot1>
    <snapshot2>CNwCAez.jpg</snapshot2>
    <banner1>17f1k9R.jpg</banner1>
    <fanart1>stwS9HZ.jpg</fanart1>
    <fanart2>pnemcQ9.jpg</fanart2>
    <clearlogo1>yHjeS8m.png</clearlogo1>
    <videoid>fAG0TGap7MA</videoid>
  </game>
  <game name="Arc Rise Fantasia (USA)">
    <description>37. Arc Rise Fantasia</description>
    <rom name="WiiRedumpNKitPart1/Arc%20Rise%20Fantasia%20%28USA%29/Arc%20Rise%20Fantasia%20%28USA%29.nkit.gcz" size="3552334996"/>
    <rating>3.75</rating>
    <ESRB>T - Teen</ESRB>
    <studio>Ignition Entertainment</studio>
    <releasedate>20/07/2010</releasedate>
    <year>2010</year>
    <plot>Arc Rise Fantasia is set in the world of Fulheim. Creatures called "Feldragons" are causing a lot of trouble as they pass the Meridian Empire in flocks. If one is killed, the resulting explosion poisons the local area. When the empire receives word that a massive horde has its sights on the capital of Diamant, it immediately sends out an army to fight them, including L'Arc, a cool and collected novice mercenary, and his friend Alf, the beloved prince and second in line for the throne.</plot>
    <genre>RPG</genre>
    <groups>1G1R</groups>
    <nplayers>1</nplayers>
    <boxart1>ghnTDlN.png</boxart1>
    <boxart2>eYrNFbg.jpg</boxart2>
    <boxart3>fDxsykr.jpg</boxart3>
    <boxart4>tw7Y13N.png</boxart4>
    <snapshot1>68Ks4Mr.jpg</snapshot1>
    <snapshot2>MTuChKe.jpg</snapshot2>
    <fanart1>OmAv1PE.jpg</fanart1>
    <fanart2>8pMNJk3.jpg</fanart2>
    <clearlogo1>98OBvPP.png</clearlogo1>
    <clearlogo2>DgalkHp.png</clearlogo2>
  </game>
  <game name="Bomberman Land (USA)">
    <description>38. Bomberman Land</description>
    <rom name="WiiRedumpNKitPart1/Bomberman%20Land%20%28USA%29/Bomberman%20Land%20%28USA%29.nkit.gcz" size="580994430"/>
    <rating>4.31</rating>
    <ESRB>E - Everyone</ESRB>
    <studio>Hudson Soft</studio>
    <releasedate>30/01/2008</releasedate>
    <year>2008</year>
    <plot>Bombermand Land is a revamped continuation of the Bomberman series. There is a single-player Story Mode where the player travels through the Bomberman universe in order to bring peace to it once again by solving puzzles, defeating enemies and collecting power-ups and weapons to defeat them. There are 40 different single-player minigames and 5 multiplayer games to choose from, ranging from skiing, skateboarding, laser ball, archery among many others.[CR]There is also the classic Bomberman which can also allow up to four human opponents in six different battle modes to compete in: Normal, Points, Stars, Crown, All-Out and Wii (which uses the Wii Remote to throw bombs, an exclusive mode for the Wii)</plot>
    <genre>Action</genre>
    <groups>Bomberman games,Bomberman games,1G1R,1G1R USA</groups>
    <nplayers>1-4</nplayers>
    <boxart1>iDxm5O0.png</boxart1>
    <boxart2>QtyzDUD.jpg</boxart2>
    <boxart3>txNKRBp.png</boxart3>
    <boxart4>trWbgUe.png</boxart4>
    <fanart1>C4pDJoZ.jpg</fanart1>
    <clearlogo1>Vncxsqz.png</clearlogo1>
    <videoid>xkB9oPbBWgM</videoid>
  </game>
  <game name="Boom Blox Bash Party (USA) (En,Fr,Es)">
    <description>39. Boom Blox Bash Party</description>
    <rom name="WiiRedumpNKitPart1/Boom%20Blox%20Bash%20Party%20%28USA%29%20%28En%2CFr%2CEs%29/Boom%20Blox%20Bash%20Party%20%28USA%29%20%28En%2CFr%2CEs%29.nkit.gcz" size="1170656406"/>
    <rating>3.90</rating>
    <ESRB>E - Everyone</ESRB>
    <studio>Electronic Arts</studio>
    <releasedate>19/05/2009</releasedate>
    <year>2009</year>
    <plot>Like the original BOOM BLOX game Bash Party is based around fast-paced gameplay that utilizes players' reflexes, dexterity, and problem-solving skills. During the action players use the Wii Remote to direct objects and forces toward structures made of blocks in order to knock them over. There is also Jenga like gameplay during which players pull blocks, with the goal of toppling as many of them as possible, but without bringing down the whole structure. In doing this players have to deal with the different types of blocks in play. Some of these include: gem blocks, blocks with point values attached, explosive blocks that detonate on contact, vanishing blocks that disappear when struck, wood blocks, and steel blocks. In addition, as the game progresses strategies may change, meaning that players must be flexible in order to succeed.</plot>
    <genre>Puzzle</genre>
    <groups>Boom Blox series,Boom Blox series,1G1R,1G1R USA,1G1R English</groups>
    <nplayers>1-4</nplayers>
    <boxart1>1SgmH3x.jpg</boxart1>
    <boxart2>dQjZWkS.jpg</boxart2>
    <boxart3>ZzpHUjn.png</boxart3>
    <boxart4>jeyRTYv.png</boxart4>
    <snapshot1>LSJy9UP.jpg</snapshot1>
    <snapshot2>GMOZsIY.png</snapshot2>
    <snapshot3>9aqStiV.png</snapshot3>
    <snapshot4>jp2wLaz.png</snapshot4>
    <fanart1>msFlgte.jpg</fanart1>
    <fanart2>e2dZKui.jpg</fanart2>
    <clearlogo1>lQZkNJ0.png</clearlogo1>
  </game>
  <game name="Sonic Colors (USA) (En,Ja,Fr,De,Es,It)">
    <description>40. Sonic Colors</description>
    <rom name="WiiRedumpNKitPart7/Sonic%20Colors%20%28USA%29%20%28En%2CJa%2CFr%2CDe%2CEs%2CIt%29/Sonic%20Colors%20%28USA%29%20%28En%2CJa%2CFr%2CDe%2CEs%2CIt%29.nkit.gcz" size="3809770987"/>
    <rating>4.21</rating>
    <ESRB>E - Everyone</ESRB>
    <studio>Sega</studio>
    <releasedate>16/11/2010</releasedate>
    <year>2010</year>
    <plot>The diabolical Dr. Eggman has hatched another plan for world domination! He has built an amazing interstellar amusement park, floating in space around Sonic's home planet, bursting with incredible rides and attractions. However, all is not as it seems as Dr. Eggman has abducted an alien race called Wisps and is harnessing their colorful energy to fuel a sinister plot. However, before Dr. Eggman completes his evil plans, Sonic discovers his mysterious theme park in space. When he arrives, Sonic finds he is also able to use these alien powers and is ready to help! Sonic will need all his speed and skill as he faces this test, but, empowered by the alien energy, it's a test he'll pass with flying colors![CR]Features:[CR]* Non-stop high-speed action.[CR]* Collect and engage the new power-ups derived from the colored energy of the Wisps![CR]* Unique Color Power for Wii(tm)[CR]* Perfect blend of 3D and classic 2D perspectives on Wii.</plot>
    <genre>Platform</genre>
    <groups>Sonic the Hedgehog universe,Animals: Hedgehogs,1G1R,1G1R USA,1G1R English,1G1R Japanese</groups>
    <nplayers>1-2 Co-Op</nplayers>
    <boxart1>C2bW4Dx.jpg</boxart1>
    <boxart2>Z4wLB3d.png</boxart2>
    <boxart3>b76d77p.jpg</boxart3>
    <boxart4>mEDlbG5.png</boxart4>
    <boxart5>17KCdJd.png</boxart5>
    <boxart6>nkdajdW.jpg</boxart6>
    <boxart7>o2KrVfh.jpg</boxart7>
    <snapshot1>kCTHUCk.jpg</snapshot1>
    <snapshot2>FL2TRB0.png</snapshot2>
    <snapshot3>ewYqb64.png</snapshot3>
    <snapshot4>iISwPBJ.png</snapshot4>
    <banner1>SqQr0bM.jpg</banner1>
    <fanart1>NpDrUzx.jpg</fanart1>
    <fanart2>ppVIPC5.jpg</fanart2>
    <clearlogo1>5oPFz6G.png</clearlogo1>
    <clearlogo2>TZTPtmh.png</clearlogo2>
    <videoid>PrmdU6x6Nco</videoid>
  </game>
  <game name="Punch-Out!! (USA) (En,Fr,Es)">
    <description>41. Punch-Out!!</description>
    <rom name="WiiRedumpNKitPart6/Punch-Out%21%21%20%28USA%29%20%28En%2CFr%2CEs%29/Punch-Out%21%21%20%28USA%29%20%28En%2CFr%2CEs%29.nkit.gcz" size="3659635671"/>
    <rating>4.35</rating>
    <ESRB>E10+ - Everyone 10+</ESRB>
    <studio>Nintendo</studio>
    <releasedate>18/05/2009</releasedate>
    <year>2009</year>
    <plot>One of the biggest names in boxing returns after a 15-year hiatus. Grab a Wii Remote controller in one hand and a Nunchuk controller in the other and step back into the ring with a modern update of the classic Punch-Out!! Little Mac is back! Everyone's favorite underdog from names like Glass Joe, King Hippo and trainer Doc Louis. These boxers come to life again in cel-shaded 3-D, complete with hilarious fighting animations and back stories that capture all the fun and flair of the original Punch-Out!! games. The motion-sensitive controls of the Wii console mean that when players throw punches, Little Mac throws punches as well. Additionally, you can control hooks and jabs by combining motion control with control-stick movement. The motion-sensing Wii Remote and Nunchuk controllers turn real-life swings into on-screen punches, so anyone can play. The game can also be played with classic NES-style controls by turning the Wii Remote sideways.</plot>
    <genre>Sports</genre>
    <groups>Punch-Out series,Middleware: Wwise,Punch-Out series,Middleware: Wwise,1G1R,1G1R USA,1G1R English</groups>
    <nplayers>2</nplayers>
    <boxart1>4kHF4eH.png</boxart1>
    <boxart2>RAgD9rw.png</boxart2>
    <boxart3>YEdyGt0.jpg</boxart3>
    <boxart4>9ZmEziH.png</boxart4>
    <boxart5>qr2RXUu.jpg</boxart5>
    <snapshot1>s7kHCfB.png</snapshot1>
    <snapshot2>bezDg9C.png</snapshot2>
    <snapshot3>7Kw1BhE.png</snapshot3>
    <snapshot4>TTYU9IY.png</snapshot4>
    <banner1>dOiyO8G.jpg</banner1>
    <fanart1>eQ5XdRN.jpg</fanart1>
    <fanart2>B3G8Bz2.jpg</fanart2>
    <clearlogo1>2RCuYHZ.png</clearlogo1>
    <videoid>2qb84W5Fp_Y</videoid>
  </game>
  <game name="Boom Blox (USA) (En,Fr,Es)">
    <description>42. Boom Blox</description>
    <rom name="WiiRedumpNKitPart1/Boom%20Blox%20%28USA%29%20%28En%2CFr%2CEs%29/Boom%20Blox%20%28USA%29%20%28En%2CFr%2CEs%29.nkit.gcz" size="1438391020"/>
    <rating>3.9</rating>
    <ESRB>E - Everyone</ESRB>
    <studio>Electronic Arts Inc</studio>
    <releasedate>06/05/2008</releasedate>
    <year>2008</year>
    <plot>Boom Blox is a action puzzle game developed in conjunction with Steven Spielberg. The objective of Boom Blox is to keep a structure made of blocks from being knocked down or to knock over a structure using the Wii Remote to throw, shoot or grab colorful character-based blocks through 300 levels through five worlds.[CR]The game utilizes a realistic physics-based system. Depending on how a projectile is thrown and at what angle, the blocks will react accordingly, and collapse based on the real-time action.</plot>
    <genre>Puzzle</genre>
    <groups>Boom Blox series,Boom Blox series,1G1R,1G1R USA,1G1R English</groups>
    <nplayers>1 Co-Op</nplayers>
    <boxart1>d9Cqn32.png</boxart1>
    <boxart2>0LXaNML.jpg</boxart2>
    <boxart3>ZzpHUjn.png</boxart3>
    <boxart4>jeyRTYv.png</boxart4>
    <snapshot1>yqFmZn2.png</snapshot1>
    <snapshot2>GMOZsIY.png</snapshot2>
    <snapshot3>9aqStiV.png</snapshot3>
    <snapshot4>jp2wLaz.png</snapshot4>
    <fanart1>z6Sgccy.jpg</fanart1>
    <fanart2>e2dZKui.jpg</fanart2>
    <clearlogo1>lQZkNJ0.png</clearlogo1>
  </game>
  <game name="Tetris Party Deluxe (USA) (En,Fr,Es)">
    <description>43. Tetris Party</description>
    <rom name="WiiRedumpNKitPart7/Tetris%20Party%20Deluxe%20%28USA%29%20%28En%2CFr%2CEs%29/Tetris%20Party%20Deluxe%20%28USA%29%20%28En%2CFr%2CEs%29.nkit.gcz" size="221188898"/>
    <rating>3.14</rating>
    <ESRB>E - Everyone</ESRB>
    <studio>Hudson Entertainment</studio>
    <releasedate>25/05/2010</releasedate>
    <year>2010</year>
    <plot>Tetris Party Deluxe has plenty of all-new modes and enhancements to take the classic puzzle fun to a whole new level. With six new game modes, you can enjoy your favorite puzzles with a twist. Set off a line-clearing chain reaction with bombs, complete 20 perfect clears and race against time in Bombliss, Sprint, VS Sprint, Master, Co-op vs. Co-op and All-Clear Sprint. Multiplayer modes offer all-new items to slow down your opponent with Smoke, Time Stop and more. Field Climber, Shadow, Stage Racer and Duel Spaces are enhanced with extra modes, experiences and rules. With more than 20 exciting modes, online battles and multiplayer fun for groups of friends and family, Tetris Party Deluxe is a must-have for Tetris and puzzle fans.</plot>
    <genre>Puzzle</genre>
    <groups>Tetris licensees,Tetris Party series,Tetris licensees,Tetris Party series,1G1R,1G1R USA,1G1R English</groups>
    <nplayers>1-4</nplayers>
    <boxart1>v09Lwux.png</boxart1>
    <boxart2>1nZYju5.jpg</boxart2>
    <boxart3>lSvEzPU.png</boxart3>
    <boxart4>wWM6Tq9.png</boxart4>
    <boxart5>8bxQTJP.png</boxart5>
    <snapshot1>EKtqwgi.jpg</snapshot1>
    <snapshot2>oiP5OnW.png</snapshot2>
    <snapshot3>R6spf4X.png</snapshot3>
    <snapshot4>MmOB3d3.jpg</snapshot4>
    <fanart1>YePoaQf.jpg</fanart1>
    <clearlogo1>mTKWxcl.png</clearlogo1>
  </game>
  <game name="Monster Hunter Tri (USA)">
    <description>44. Monster Hunter Tri</description>
    <rom name="WiiRedumpNKitPart5/Monster%20Hunter%20Tri%20%28USA%29/Monster%20Hunter%20Tri%20%28USA%29.nkit.gcz" size="2509694651"/>
    <rating>4.21</rating>
    <ESRB>T - Teen</ESRB>
    <studio>Capcom</studio>
    <releasedate>20/04/2010</releasedate>
    <year>2010</year>
    <plot>Monster Hunter Tri depicts an ecosystem where man co-exists with fantastic beasts that roam both the land and the sea. Featuring both online and offline cooperative modes, players can join online hunting parties with up to four players or play with two players on a single TV for select quests. Players also have the option to face Monster Hunter Tri's quests as a single player experience accompanied by Cha-Cha, an AI hunting partner whose tracking and trapping skills will prove invaluable in the hunt.</plot>
    <genre>RPG</genre>
    <groups>Monster Hunter series,Gameplay feature: Fishing,Gameplay feature: Mining,Monster Hunter series,Gameplay feature: Fishing,Gameplay feature: Mining,1G1R,1G1R USA</groups>
    <nplayers>2</nplayers>
    <boxart1>RQVSbIT.png</boxart1>
    <boxart2>JCsO5qS.jpg</boxart2>
    <boxart3>7zPuCZS.png</boxart3>
    <boxart4>K4uyAr7.jpg</boxart4>
    <fanart1>7B9UOpZ.jpg</fanart1>
    <fanart2>TI8YtW3.jpg</fanart2>
    <clearlogo1>3lXgQdn.png</clearlogo1>
    <videoid>zw_Hqg0W_fE</videoid>
  </game>
  <game name="Bit.Trip Complete (USA)">
    <description>45. Bit.Trip Complete</description>
    <rom name="WiiRedumpNKitPart1/Bit.Trip%20Complete%20%28USA%29/Bit.Trip%20Complete%20%28USA%29.nkit.gcz" size="884265903"/>
    <rating>4.30</rating>
    <ESRB>E - Everyone</ESRB>
    <studio>Aksys Games</studio>
    <releasedate>13/09/2011</releasedate>
    <year>2011</year>
    <plot>BIT.TRIP COMPLETE is a compilation of all 6 award-winning BIT.TRIPgames: BEAT, CORE, VOID, RUNNER, FATE, and FLUX! This COMPLETE version includes a video gallery with more than 25 clips telling the story of CommanderVideo, an image gallery with concept art, and an audio gallery featuring fan remixes, original songs, and demos of BIT.TRIP songs.</plot>
    <genre>Music</genre>
    <groups>Bit.Trip series,Bit.Trip series,1G1R,1G1R USA</groups>
    <nplayers>1</nplayers>
    <boxart1>NrNn4We.jpg</boxart1>
    <boxart2>EfVRjcn.jpg</boxart2>
    <boxart3>1mNznHb.png</boxart3>
    <boxart4>8j46VOf.png</boxart4>
    <snapshot1>nGJG2Cc.jpg</snapshot1>
    <snapshot2>NxTT76X.jpg</snapshot2>
    <banner1>H8zV24k.jpg</banner1>
    <fanart1>RjcWvoC.jpg</fanart1>
    <fanart2>LhB4N7Z.jpg</fanart2>
    <clearlogo1>GrGaDIN.png</clearlogo1>
    <videoid>xx65RC6PDeU</videoid>
  </game>
  <game name="Zack &amp; Wiki - Quest for Barbaros' Treasure (USA)">
    <description>46. Zack &amp; Wiki - Quest for Barbaros Treasure</description>
    <rom name="WiiRedumpNKitPart8/Zack%20%26%20Wiki%20-%20Quest%20for%20Barbaros%27%20Treasure%20%28USA%29/Zack%20%26%20Wiki%20-%20Quest%20for%20Barbaros%27%20Treasure%20%28USA%29.nkit.gcz" size="1175990582"/>
    <rating>4.30</rating>
    <ESRB>E - Everyone</ESRB>
    <studio>Capcom</studio>
    <releasedate>21/02/2008</releasedate>
    <year>2008</year>
    <plot>Zack is a new pirate on a quest to become the greatest pirate ever. In this puzzle adventure game he and his magical monkey sidekick search for treasure as they help the skeleton of the legendary pirate Barbaros.[CR]Zack and Wiki: Quest for Barbaros' Treasure is presented as a series of stages where the player directs Zack to perform a number of actions to let him collect the treasure. The player must deduce what actions will have the desired effect without triggering traps or attracting the attention of the enemies. Using most of the tools causes the game to switch to a first-person point of view, and the player is expected to hold and manipulate the Wii remote as if it were the item on the screen.</plot>
    <genre>Puzzle</genre>
    <groups>1G1R</groups>
    <nplayers>1</nplayers>
    <boxart1>km64cod.jpg</boxart1>
    <boxart2>Yrg1DQw.png</boxart2>
    <boxart3>8k4uf8d.jpg</boxart3>
    <boxart4>l7AqzeL.png</boxart4>
    <boxart5>DyNH0Xm.jpg</boxart5>
    <snapshot1>oe90Pg4.jpg</snapshot1>
    <banner1>rNrqbUK.jpg</banner1>
    <fanart1>R4yVrnc.jpg</fanart1>
    <fanart2>GRRqzdw.jpg</fanart2>
    <clearlogo1>lwEyOra.png</clearlogo1>
    <videoid>xxZY7utBwBA</videoid>
  </game>
  <game name="No More Heroes (USA) (En,Fr,Es)">
    <description>47. No More Heroes</description>
    <rom name="WiiRedumpNKitPart5/No%20More%20Heroes%20%28USA%29%20%28En%2CFr%2CEs%29/No%20More%20Heroes%20%28USA%29%20%28En%2CFr%2CEs%29.nkit.gcz" size="2801040927"/>
    <rating>3.57</rating>
    <ESRB>M - Mature</ESRB>
    <studio>Ubisoft</studio>
    <releasedate>22/01/2008</releasedate>
    <year>2008</year>
    <plot>Anime geek Travis Touchdown wins a Beam Katana and starts a new career as a professional killer in this unusual action game by the makers of Killer 7. There's only one way to the top ranks of the underground world of paid assassins and it's going to get messy. Lucky for Travis Touchdown, he just knocked off the world's eleventh best without breaking a sweat. The life of fame and fortune couldn't be closer. Heads will roll and names will be taken, but everything is not what it seems. It all started after Travis was assigned to take on the drifter known as Helter Skelter, the United Assassin Association's 11th ranked assassin. After a grueling battle, Travis emerged the winner, collected the spoils of battle and claimed his title as the new 11th ranked assassin. However, the situation turns out to be more complicated than Travis first thought. It is after the mysterious beauty, Sylvia Christel, appears that the real adventure begins...</plot>
    <genre>Action</genre>
    <groups>Visual technique / style: Cel shaded,Gameplay feature: Quick Time Events / QTEs,No More Heroes series,Gameplay feature: New Game+,Visual technique / style: Cel shaded,Gameplay feature: Quick Time Events / QTEs,No More Heroes series,Gameplay feature: New Game+,1G1R,1G1R USA,1G1R English</groups>
    <nplayers>1</nplayers>
    <boxart1>elnu9TT.png</boxart1>
    <boxart2>IlCrjZt.jpg</boxart2>
    <boxart3>obAVNCP.jpg</boxart3>
    <boxart4>MCcQu2B.jpg</boxart4>
    <boxart5>4OAzCBY.png</boxart5>
    <boxart6>bMGvm8u.png</boxart6>
    <boxart7>B8lnLrk.png</boxart7>
    <snapshot1>YJOCO4N.jpg</snapshot1>
    <fanart1>T3zld2G.jpg</fanart1>
    <fanart2>m3PfJDY.jpg</fanart2>
    <clearlogo1>5GQxCJz.png</clearlogo1>
  </game>
  <game name="de Blob (USA) (En,Fr,Es)">
    <description>48. de Blob</description>
    <rom name="WiiRedumpNKitPart2/de%20Blob%20%28USA%29%20%28En%2CFr%2CEs%29/de%20Blob%20%28USA%29%20%28En%2CFr%2CEs%29.nkit.gcz" size="1807786660"/>
    <rating>4.46</rating>
    <ESRB>E - Everyone</ESRB>
    <studio>THQ</studio>
    <releasedate>22/09/2008</releasedate>
    <year>2008</year>
    <plot>Battle against massive tank battalions, speedy I.N.K.T. racers and elite Inky soldiers on your quest to free the citizens of Chroma City. Avoid hot plates, electric shocks and inky turrets to create your own path to the impenetrable I.N.K.T. Fortress. Just remember that the struggle to reclaim Chroma City is to be fought on your terms. Remix the city in your own image using custom paints, patterns and soundtracks. Super-size your blob to attack larger and stronger enemies. Join the Color Revolutionaries to refine your skills while making a mess. The race to rescue Chroma City has just begun, and only de Blob can save the world from a black-and-white future.</plot>
    <genre>Puzzle</genre>
    <groups>Protagonist: Blob,de Blob games,Genre: Rolling ball,Protagonist: Blob,de Blob games,Genre: Rolling ball,1G1R,1G1R USA,1G1R English</groups>
    <nplayers>1-4</nplayers>
    <boxart1>SPKt8Sq.jpg</boxart1>
    <boxart2>x13H7By.jpg</boxart2>
    <boxart3>WPLyIv1.png</boxart3>
    <boxart4>owsd6WT.png</boxart4>
    <fanart1>U9cBaGp.jpg</fanart1>
    <fanart2>cBQEXyP.jpg</fanart2>
    <clearlogo1>1GW9m0R.png</clearlogo1>
    <videoid>sKzRlW8oCJg</videoid>
  </game>
  <game name="WarioWare - Smooth Moves (USA)">
    <description>49. WarioWare: Smooth Moves</description>
    <rom name="WiiRedumpNKitPart7/WarioWare%20-%20Smooth%20Moves%20%28USA%29/WarioWare%20-%20Smooth%20Moves%20%28USA%29.nkit.gcz" size="2533888371"/>
    <rating>4.48</rating>
    <ESRB>E10+ - Everyone 10+</ESRB>
    <studio>Nintendo</studio>
    <releasedate>15/01/2008</releasedate>
    <year>2008</year>
    <plot>Wario and his pals learn fun, wacky moves after discovering a strange book and a mystical device called the Form Baton. Familiar characters from the WarioWare universe will return to this installment and some new ones will appear. Players must clear fast-paced sets of microgames, changing the way they hold the Wii Remote each time.</plot>
    <genre>Puzzle</genre>
    <groups>Wario games,WarioWare series,Genre: Party / Mini-game,Nintendo Selects releases,1G1R,1G1R USA</groups>
    <nplayers>1-4</nplayers>
    <boxart1>1leGRsp.jpg</boxart1>
    <boxart2>JVfn1qT.png</boxart2>
    <boxart3>YYB1wsp.jpg</boxart3>
    <boxart4>kHoFf8U.png</boxart4>
    <boxart5>gU5r8H2.png</boxart5>
    <boxart6>8UmZfwO.png</boxart6>
    <snapshot1>uyrsFao.jpg</snapshot1>
    <snapshot2>PXoKVwK.jpg</snapshot2>
    <snapshot3>VtrkIiz.jpg</snapshot3>
    <snapshot4>xemaZBn.jpg</snapshot4>
    <banner1>TUWm3tB.jpg</banner1>
    <fanart1>TwCu7H1.jpg</fanart1>
    <fanart2>UzxBG4x.jpg</fanart2>
    <clearlogo1>3llICP9.png</clearlogo1>
  </game>
  <game name="MadWorld (USA) (En,Fr,Es)">
    <description>50. MadWorld</description>
    <rom name="WiiRedumpNKitPart4/MadWorld%20%28USA%29%20%28En%2CFr%2CEs%29/MadWorld%20%28USA%29%20%28En%2CFr%2CEs%29.nkit.gcz" size="2548105501"/>
    <rating>3.94</rating>
    <ESRB>M - Mature</ESRB>
    <studio>Sega</studio>
    <releasedate>03/10/2009</releasedate>
    <year>2009</year>
    <plot>Varrigan City has fallen under the control of a terrorist group known as the Organizers, and they have a rather twisted sense of fun. Under the Organizers' rule, all citizens are forced to participate in a game called "Death Watch," in which there's only one rule: Kill or be killed. Into the game steps Jack, a mysterious participant practiced at setting traps, engaging in hand-to-hand combat and other useful skills. But will Jack be able to survive Death Watch and ultimately beat the terrorists at their own brutal game?</plot>
    <genre>Action</genre>
    <groups>Gameplay feature: Chainsaws,Gameplay feature: Chainsaws,1G1R,1G1R USA,1G1R English</groups>
    <nplayers>1</nplayers>
    <boxart1>975fJPQ.png</boxart1>
    <boxart2>I4Iy6aJ.jpg</boxart2>
    <boxart3>oJepTLM.png</boxart3>
    <boxart4>Xqevghs.jpg</boxart4>
    <boxart5>HqcwgKs.png</boxart5>
    <snapshot1>VzgPjqf.jpg</snapshot1>
    <snapshot2>ra6ddR4.jpg</snapshot2>
    <snapshot3>LnDE6W9.jpg</snapshot3>
    <snapshot4>fXuBvvf.jpg</snapshot4>
    <fanart1>y5EBqFQ.jpg</fanart1>
    <fanart2>CejucNx.jpg</fanart2>
    <clearlogo1>jPddnQt.png</clearlogo1>
    <videoid>-hQib6NnnYM</videoid>
  </game>
</datafile>
